2237,2011/05/10,DEL,22926,5.95,5
2237,2011/05/10,DEL,20826,0.39,36
2237,2011/05/10,DEL,84968E,12.75,4
3507,2011/05/10,DEL,22669,2.95,10
3507,2011/05/10,DEL,21381,1.69,12
2256,2011/05/10,DEL,22087,2.95,11
2551,2011/05/10,DEL,21742,5.95,2
2551,2011/05/10,DEL,22926,5.95,2
2551,2011/05/10,DEL,22283,7.95,2
617,2011/05/10,DEL,21263,1.95,2
617,2011/05/10,DEL,21265,1.95,2
617,2011/05/10,DEL,21264,1.95,2
617,2011/05/10,DEL,35598B,2.95,2
617,2011/05/10,DEL,20831,2.1,1
617,2011/05/10,DEL,22151,0.42,96
312,2011/05/10,DEL,84665,5.95,4
312,2011/05/10,DEL,85159A,1.95,12
312,2011/05/10,DEL,85159B,1.95,12
312,2011/05/10,DEL,84313C,1.95,12
312,2011/05/10,DEL,84596J,0.42,16
1312,2011/05/10,DEL,22417,0.55,48
1312,2011/05/10,DEL,22434,1.95,16
1949,2011/05/10,DEL,22615,0.29,24
1949,2011/05/10,DEL,22891,4.25,3
1949,2011/05/10,DEL,22148,1.95,12
2334,2011/05/10,DEL,84050,1.25,72
1647,2011/05/10,DEL,22829,9.95,1
1647,2011/05/10,DEL,20829,2.1,3
1647,2011/05/10,DEL,85049D,1.25,2
1647,2011/05/10,DEL,37500,4.95,2
1647,2011/05/10,DEL,21974,1.45,2
1647,2011/05/10,DEL,22930,2.55,1
1246,2011/05/10,DEL,22468,6.75,6
2929,2011/05/10,DEL,84625A,0.85,24
2929,2011/05/10,DEL,84625C,0.85,24
2929,2011/05/10,DEL,22364,2.95,6
2929,2011/05/10,DEL,20752,2.1,6
2929,2011/05/10,DEL,21534,4.95,3
799,2011/05/10,DEL,22826,195.0,1
811,2011/05/10,DEL,22717,0.42,12
811,2011/05/10,DEL,21794,3.95,8
811,2011/05/10,DEL,22671,1.65,12
2872,2011/05/10,DEL,47310M,1.25,9
2868,2011/05/10,DEL,22628,4.95,10
2678,2011/05/10,DEL,20846,1.25,12
2678,2011/05/10,DEL,21294,0.39,48
2678,2011/05/10,DEL,22615,0.29,24
2678,2011/05/10,DEL,21742,5.95,2
1537,2011/05/10,DEL,20983,0.85,12
1537,2011/05/10,DEL,22540,0.42,24
1537,2011/05/10,DEL,22493,1.65,12
1537,2011/05/10,DEL,21678,0.85,12
1537,2011/05/10,DEL,21675,0.85,12
1537,2011/05/10,DEL,21883,0.65,12
1537,2011/05/10,DEL,21061,0.85,24
1537,2011/05/10,DEL,21058,0.85,12
884,2011/05/10,DEL,21257,7.95,2
884,2011/05/10,DEL,21259,5.95,2
884,2011/05/10,DEL,22508,3.75,4
884,2011/05/10,DEL,21115,6.75,2
884,2011/05/10,DEL,22669,2.95,5
884,2011/05/10,DEL,21371,2.55,6
884,2011/05/10,DEL,22912,4.95,3
884,2011/05/10,DEL,21625,6.95,3
884,2011/05/10,DEL,22283,7.95,2
884,2011/05/10,DEL,84884A,3.95,5
884,2011/05/10,DEL,84912B,3.75,4
884,2011/05/10,DEL,84912A,3.75,4
95,2011/05/10,DEL,21259,5.95,4
2609,2011/05/10,DEL,22086,2.95,12
2609,2011/05/10,DEL,22405,1.25,12
2609,2011/05/10,DEL,22409,1.25,12
273,2011/05/10,DEL,20886,1.95,3
273,2011/05/10,DEL,85170D,2.1,1
273,2011/05/10,DEL,85040A,1.65,1
273,2011/05/10,DEL,85039B,1.65,1
273,2011/05/10,DEL,21363,4.95,1
273,2011/05/10,DEL,72802B,4.25,1
273,2011/05/10,DEL,23136,3.75,1
273,2011/05/10,DEL,22832,10.75,1
3119,2011/05/10,DEL,23253,15.95,16
2470,2011/05/10,DEL,21644,1.25,2
2470,2011/05/10,DEL,85211,1.65,2
2470,2011/05/10,DEL,15044C,2.95,1
799,2011/05/10,DEL,22826,195.0,1
34,2011/05/10,DEL,21001,5.95,1
34,2011/05/10,DEL,21000,4.25,1
34,2011/05/10,DEL,21063,0.85,6
34,2011/05/10,DEL,21865,2.1,3
34,2011/05/10,DEL,21866,1.25,2
34,2011/05/10,DEL,21867,1.25,3
34,2011/05/10,DEL,21001,5.95,1
34,2011/05/10,DEL,84922,4.25,1
34,2011/05/10,DEL,21000,4.25,1
34,2011/05/10,DEL,21865,2.1,2
34,2011/05/10,DEL,21867,1.25,2
34,2011/05/10,DEL,21637,1.25,36
34,2011/05/10,DEL,21640,0.85,12
34,2011/05/10,DEL,84950,0.65,24
34,2011/05/10,DEL,20770,2.55,2
34,2011/05/10,DEL,20764,3.75,2
34,2011/05/10,DEL,20767,2.55,1
34,2011/05/10,DEL,20761,3.75,1
34,2011/05/10,DEL,20758,0.85,3
2814,2011/05/10,DEL,85131A,1.25,40
2814,2011/05/10,DEL,21591,1.25,2
2814,2011/05/10,DEL,21463,5.95,1
2814,2011/05/10,DEL,22700,2.95,1
2814,2011/05/10,DEL,21591,1.25,1
2814,2011/05/10,DEL,21592,1.25,2
2814,2011/05/10,DEL,22475,4.95,2
2814,2011/05/10,DEL,22113,3.75,1
2814,2011/05/10,DEL,22475,4.95,2
2814,2011/05/10,DEL,22472,4.95,1
2814,2011/05/10,DEL,21464,4.25,1
2814,2011/05/10,DEL,22949,1.45,1
2814,2011/05/10,DEL,84597C,1.25,1
2814,2011/05/10,DEL,21479,3.75,1
2814,2011/05/10,DEL,47599A,2.1,2
3605,2011/05/10,DEL,17021,0.3,6
3605,2011/05/10,DEL,85208,2.1,1
3605,2011/05/10,DEL,85169C,1.25,1
3605,2011/05/10,DEL,85169A,1.25,1
3605,2011/05/10,DEL,84580,3.75,1
3605,2011/05/10,DEL,22081,1.65,1
3605,2011/05/10,DEL,21880,0.65,1
3605,2011/05/10,DEL,21881,0.65,1
3605,2011/05/10,DEL,21879,0.65,1
3605,2011/05/10,DEL,22412,2.1,1
3605,2011/05/10,DEL,22375,4.25,1
3605,2011/05/10,DEL,84880,7.5,1
3605,2011/05/10,DEL,84509A,3.75,2
3605,2011/05/10,DEL,20716,1.25,1
2813,2011/05/10,DEL,22829,9.95,2
2813,2011/05/10,DEL,22650,1.45,4
2813,2011/05/10,DEL,22068,1.65,2
2813,2011/05/10,DEL,85130A,1.65,2
2813,2011/05/10,DEL,85130C,1.65,2
2813,2011/05/10,DEL,85130D,1.65,2
2813,2011/05/10,DEL,85130B,1.65,2
2813,2011/05/10,DEL,84510C,1.25,1
2813,2011/05/10,DEL,21245,1.69,1
2813,2011/05/10,DEL,22334,1.65,2
1558,2011/05/10,DEL,22788,9.95,6
1558,2011/05/10,DEL,16016,0.85,20
1558,2011/05/10,DEL,16014,0.42,20
1106,2011/05/10,DEL,21723,0.85,50
1106,2011/05/10,DEL,51014A,0.85,24
1106,2011/05/10,DEL,22133,0.85,12
215,2011/05/10,DEL,22350,2.55,1
215,2011/05/10,DEL,23072,12.5,2
215,2011/05/10,DEL,22104,1.45,8
215,2011/05/10,DEL,18094C,1.25,6
215,2011/05/10,DEL,15039,0.85,4
215,2011/05/10,DEL,22482,1.25,2
195,2011/05/10,DEL,22194,8.5,2
195,2011/05/10,DEL,37476,9.95,2
2409,2011/05/10,DEL,22902,2.1,12
1586,2011/05/10,DEL,22192,8.5,2
1586,2011/05/10,DEL,21844,2.95,6
3986,2011/05/10,DEL,21890,3.25,6
3986,2011/05/10,DEL,21705,1.65,12
3986,2011/05/10,DEL,22758,1.25,12
3986,2011/05/10,DEL,22754,0.85,12
3986,2011/05/10,DEL,22048,0.42,25
3986,2011/05/10,DEL,22653,1.95,10
2723,2011/05/10,DEL,21904,2.1,1
2723,2011/05/10,DEL,85130A,1.65,4
2723,2011/05/10,DEL,21904,2.1,1
2723,2011/05/10,DEL,84929,0.55,24
2723,2011/05/10,DEL,84673B,0.65,1
3869,2011/05/10,DEL,47580,2.55,6
3932,2011/05/10,DEL,22991,1.95,12
2013,2011/05/10,DEL,22508,3.75,12
2013,2011/05/10,DEL,22509,14.95,12
2013,2011/05/10,DEL,22284,1.65,12
2013,2011/05/10,DEL,22109,3.39,16
3027,2011/05/10,DEL,22778,3.95,4
3027,2011/05/10,DEL,21257,7.95,2
3027,2011/05/10,DEL,23193,2.08,8
309,2011/05/10,DEL,37342,0.79,24
309,2011/05/10,DEL,85078,0.19,24
309,2011/05/10,DEL,84843,5.95,2
309,2011/05/10,DEL,84849D,1.69,12
309,2011/05/10,DEL,22361,2.95,6
309,2011/05/10,DEL,22763,9.95,2
309,2011/05/10,DEL,85049E,1.25,12
309,2011/05/10,DEL,22342,1.65,12
309,2011/05/10,DEL,21272,1.25,12
309,2011/05/10,DEL,22183,6.75,3
309,2011/05/10,DEL,84821,0.85,12
1292,2011/05/10,DEL,16156L,0.42,25
1292,2011/05/10,DEL,22045,0.42,25
1292,2011/05/10,DEL,22329,1.65,12
692,2011/05/10,DEL,20823,0.79,24
692,2011/05/10,DEL,20826,0.39,36
692,2011/05/10,DEL,21845,0.79,36
692,2011/05/10,DEL,79030D,0.39,24
692,2011/05/10,DEL,79163,0.39,48
692,2011/05/10,DEL,21528,6.95,2
692,2011/05/10,DEL,21534,4.95,3
692,2011/05/10,DEL,22315,1.25,12
692,2011/05/10,DEL,21041,2.95,6
692,2011/05/10,DEL,22439,0.65,24
731,2011/05/10,DEL,22544,0.42,24
731,2011/05/10,DEL,22539,0.42,24
731,2011/05/10,DEL,85227,0.85,12
731,2011/05/10,DEL,22529,0.42,24
731,2011/05/10,DEL,22559,1.25,12
2006,2011/05/10,DEL,22639,2.55,25
2006,2011/05/10,DEL,23046,6.65,4
2006,2011/05/10,DEL,23042,6.65,4
3790,2011/05/10,DEL,22780,3.37,48
3847,2011/05/10,DEL,22963,0.85,6
3847,2011/05/10,DEL,22565,0.85,3
2804,2011/05/10,DEL,84906,1.95,2
2804,2011/05/10,DEL,62097B,0.83,2
2804,2011/05/10,DEL,16151A,1.25,2
2804,2011/05/10,DEL,22794,7.95,2
2804,2011/05/10,DEL,15034,0.14,12
2804,2011/05/10,DEL,22763,9.95,1
2804,2011/05/10,DEL,47567B,5.95,2
2804,2011/05/10,DEL,47021G,0.39,10
2804,2011/05/10,DEL,22066,0.39,8
2804,2011/05/10,DEL,37500,4.95,1
3507,2011/05/10,DEL,22428,6.95,6
3586,2011/05/10,DEL,23136,3.75,4
3586,2011/05/10,DEL,22497,4.25,4
867,2011/05/10,DEL,21115,6.75,2
3131,2011/05/10,DEL,23047,5.75,2
3131,2011/05/10,DEL,23046,6.65,2
3131,2011/05/10,DEL,23040,5.75,3
3131,2011/05/10,DEL,23043,6.25,2
3131,2011/05/10,DEL,23045,4.15,2
3131,2011/05/10,DEL,23042,6.65,2
3131,2011/05/10,DEL,23044,4.15,2
3131,2011/05/10,DEL,23041,4.15,4
3131,2011/05/10,DEL,23064,49.95,1
3131,2011/05/10,DEL,23178,2.89,6
3131,2011/05/10,DEL,22824,35.95,2
3442,2011/05/10,DEL,22975,1.25,1
3442,2011/05/10,DEL,20802,1.65,6
3442,2011/05/10,DEL,21761,29.95,1
3442,2011/05/10,DEL,22035,0.42,12
3442,2011/05/10,DEL,85232D,4.95,1
3442,2011/05/10,DEL,21654,0.39,4
3442,2011/05/10,DEL,22350,2.55,1
174,2011/05/10,DEL,22327,2.95,6
174,2011/05/10,DEL,21890,3.25,6
174,2011/05/10,DEL,22536,0.42,24
174,2011/05/10,DEL,20982,0.85,12
174,2011/05/10,DEL,20983,0.85,12
174,2011/05/10,DEL,22081,1.65,10
3442,2011/05/10,DEL,22278,4.95,1
3442,2011/05/10,DEL,84912B,3.75,1
3442,2011/05/10,DEL,22333,1.65,5
3442,2011/05/10,DEL,22331,1.65,5
3442,2011/05/10,DEL,22493,1.65,4
3442,2011/05/10,DEL,20823,0.79,4
3442,2011/05/10,DEL,22466,1.95,12
2903,2011/05/10,DEL,15058B,7.95,1
2903,2011/05/10,DEL,22586,0.85,6
2903,2011/05/10,DEL,85184C,2.95,2
2602,2011/05/10,DEL,21844,2.95,6
2602,2011/05/10,DEL,21623,9.95,2
2602,2011/05/10,DEL,23072,12.5,2
2602,2011/05/10,DEL,23071,12.5,2
2602,2011/05/10,DEL,21584,1.65,20
2602,2011/05/10,DEL,22305,2.55,12
2602,2011/05/10,DEL,21246,4.95,6
2602,2011/05/10,DEL,21466,3.75,4
2602,2011/05/10,DEL,22842,6.75,2
2602,2011/05/10,DEL,21163,1.45,4
2602,2011/05/10,DEL,21248,1.45,4
2602,2011/05/10,DEL,22471,4.95,2
2602,2011/05/10,DEL,22912,4.95,6
2602,2011/05/10,DEL,21161,1.45,24
2602,2011/05/10,DEL,21162,1.45,24
2602,2011/05/10,DEL,20983,0.85,24
2602,2011/05/10,DEL,21452,2.95,2
2602,2011/05/10,DEL,22923,0.72,120
2602,2011/05/10,DEL,22922,0.72,120
2185,2011/05/10,DEL,22046,0.42,25
1778,2011/05/10,DEL,84763,1.25,7
1778,2011/05/10,DEL,22293,1.45,25
1778,2011/05/10,DEL,16016,0.85,22
1778,2011/05/10,DEL,16015,0.5,30
1778,2011/05/10,DEL,16014,0.42,30
1778,2011/05/10,DEL,22602,0.85,30
1778,2011/05/10,DEL,22285,1.65,9
856,2011/05/10,DEL,22741,0.85,48
856,2011/05/10,DEL,22582,2.55,6
856,2011/05/10,DEL,22706,0.42,25
856,2011/05/10,DEL,21967,0.29,24
3588,2011/05/10,DEL,21033,2.08,10
1007,2011/05/10,DEL,23104,12.5,2
2848,2011/05/10,DEL,22405,1.25,1
2848,2011/05/10,DEL,21945,0.85,1
2848,2011/05/10,DEL,85061W,0.85,24
2848,2011/05/10,DEL,85135C,7.95,1
2848,2011/05/10,DEL,17084N,0.21,25
2848,2011/05/10,DEL,17084R,0.21,72
2848,2011/05/10,DEL,37449,9.95,1
1512,2011/05/10,DEL,23193,2.25,8
1512,2011/05/10,DEL,21158,1.45,12
1512,2011/05/10,DEL,21159,1.45,12
1512,2011/05/10,DEL,21452,2.95,6
1512,2011/05/10,DEL,22956,2.1,6
2848,2011/05/10,DEL,90200A,4.25,3
2848,2011/05/10,DEL,90200B,4.25,3
2848,2011/05/10,DEL,90200D,4.25,3
2848,2011/05/10,DEL,90200E,4.25,3
2848,2011/05/10,DEL,90123A,5.95,1
2848,2011/05/10,DEL,90122A,4.95,1
2848,2011/05/10,DEL,90143,7.5,2
2848,2011/05/10,DEL,90160D,6.95,3
2848,2011/05/10,DEL,90160A,6.95,3
2848,2011/05/10,DEL,90161D,4.95,3
2848,2011/05/10,DEL,90064A,3.75,2
2848,2011/05/10,DEL,90063A,8.5,2
2848,2011/05/10,DEL,90063B,8.5,2
2848,2011/05/10,DEL,90064B,3.75,2
1576,2011/05/10,DEL,10125,0.85,100
1576,2011/05/10,DEL,22539,0.42,48
1576,2011/05/10,DEL,21556,2.25,24
1576,2011/05/10,DEL,22134,0.42,12
1576,2011/05/10,DEL,23010,14.95,6
217,2011/05/10,DEL,22691,7.95,2
217,2011/05/10,DEL,21561,2.55,2
217,2011/05/10,DEL,21471,3.75,2
217,2011/05/10,DEL,22518,2.1,5
217,2011/05/10,DEL,22515,2.1,3
217,2011/05/10,DEL,21189,1.65,8
2915,2011/05/10,DEL,16236,0.21,28
2915,2011/05/10,DEL,16238,0.21,28
2915,2011/05/10,DEL,16244B,1.95,3
2915,2011/05/10,DEL,21793,3.95,8
2915,2011/05/10,DEL,21679,0.85,24
2915,2011/05/10,DEL,21383,0.65,12
2915,2011/05/10,DEL,21719,0.85,12
2915,2011/05/10,DEL,21725,0.85,12
2915,2011/05/10,DEL,84559A,0.85,12
2915,2011/05/10,DEL,21198,1.65,12
2915,2011/05/10,DEL,21199,1.65,12
1789,2011/05/10,DEL,84596L,0.42,40
1789,2011/05/10,DEL,84596J,0.42,40
1008,2011/05/10,DEL,21625,6.95,1
1008,2011/05/10,DEL,22428,6.95,1
1008,2011/05/10,DEL,22354,3.75,8
1008,2011/05/10,DEL,84609,8.5,2
1891,2011/05/10,DEL,22211,1.65,6
1891,2011/05/10,DEL,22210,1.65,6
1891,2011/05/10,DEL,47599A,2.1,4
1891,2011/05/10,DEL,85020,2.1,6
3436,2011/05/10,DEL,22443,7.95,4
3436,2011/05/10,DEL,22441,2.1,8
3436,2011/05/10,DEL,22725,3.75,4
3151,2011/05/10,DEL,22757,1.25,12
3151,2011/05/10,DEL,22755,0.85,12
3151,2011/05/10,DEL,22821,0.65,12
3436,2011/05/10,DEL,23046,6.65,4
1544,2011/05/10,DEL,21249,2.95,6
406,2011/05/10,DEL,22772,1.25,12
1488,2011/05/10,DEL,72812,2.1,6
1488,2011/05/10,DEL,21128,5.95,8
1488,2011/05/10,DEL,84800L,1.69,24
1488,2011/05/10,DEL,22973,1.65,12
1488,2011/05/10,DEL,79191C,0.85,12
1488,2011/05/10,DEL,84279B,3.75,4
1488,2011/05/10,DEL,84279P,3.75,4
1488,2011/05/10,DEL,16238,0.21,28
1488,2011/05/10,DEL,16236,0.21,28
1488,2011/05/10,DEL,21719,0.85,12
1488,2011/05/10,DEL,21724,0.85,12
1488,2011/05/10,DEL,16011,0.21,24
1492,2011/05/10,DEL,22535,0.42,24
1492,2011/05/10,DEL,22537,0.42,24
1492,2011/05/10,DEL,22963,0.85,24
1492,2011/05/10,DEL,22715,0.42,12
1727,2011/05/10,DEL,22706,0.42,25
1247,2011/05/10,DEL,21448,1.65,12
1247,2011/05/10,DEL,22035,0.42,12
1247,2011/05/10,DEL,84247G,0.42,12
1247,2011/05/10,DEL,22024,0.42,12
1247,2011/05/10,DEL,21773,1.25,12
1247,2011/05/10,DEL,21775,1.25,12
1247,2011/05/10,DEL,21894,1.25,12
3942,2011/05/10,DEL,23151,2.49,6
3942,2011/05/10,DEL,21942,0.85,12
3942,2011/05/10,DEL,21945,0.85,12
3942,2011/05/10,DEL,21381,1.69,12
3942,2011/05/10,DEL,85071A,2.95,6
3942,2011/05/10,DEL,85071C,2.55,6
3942,2011/05/10,DEL,85071D,2.55,6
3942,2011/05/10,DEL,85071B,2.95,6
3117,2011/05/10,DEL,48116,6.75,20
2696,2011/05/10,DEL,22025,0.42,12
3750,2011/05/10,DEL,22903,2.95,6
3750,2011/05/10,DEL,22806,2.95,6
3750,2011/05/10,DEL,22335,0.65,24
3739,2011/05/10,DEL,85231G,0.85,24
1536,2011/05/10,DEL,22894,9.95,10
1168,2011/05/10,DEL,22111,4.95,6
1168,2011/05/10,DEL,22835,4.65,4
1168,2011/05/10,DEL,21974,1.45,12
3848,2011/05/10,DEL,22156,0.85,12
3848,2011/05/10,DEL,22788,9.95,1
3848,2011/05/10,DEL,21288,2.95,6
3848,2011/05/10,DEL,17013D,0.42,12
3848,2011/05/10,DEL,17091A,0.38,6
3848,2011/05/10,DEL,21360,3.95,4
3848,2011/05/10,DEL,85016,0.65,24
3848,2011/05/10,DEL,84818,2.55,6
3848,2011/05/10,DEL,22278,4.95,3
3848,2011/05/10,DEL,72807C,4.25,4
3848,2011/05/10,DEL,72807A,4.25,4
3848,2011/05/10,DEL,84637,5.95,3
3848,2011/05/10,DEL,84638,6.95,2
3848,2011/05/10,DEL,22770,14.95,1
3070,2011/05/10,DEL,21865,2.1,1
3070,2011/05/10,DEL,21557,2.95,1
3070,2011/05/10,DEL,22315,1.25,1
3070,2011/05/10,DEL,21793,3.95,3
3070,2011/05/10,DEL,72349B,2.1,2
3070,2011/05/10,DEL,85114C,1.65,6
3070,2011/05/10,DEL,85114B,1.65,6
238,2011/05/10,DEL,84568,0.21,288
238,2011/05/10,DEL,21544,0.85,5
1815,2011/05/10,DEL,15058A,6.75,10
1338,2011/05/10,DEL,22859,1.65,6
1338,2011/05/10,DEL,84663A,5.95,3
1338,2011/05/10,DEL,21481,2.95,6
1338,2011/05/10,DEL,23040,5.75,3
3420,2011/05/10,DEL,22744,2.95,6
3420,2011/05/10,DEL,22758,1.25,12
3420,2011/05/10,DEL,22708,0.42,25
236,2011/05/10,DEL,22807,2.95,1
236,2011/05/10,DEL,22417,0.55,12
236,2011/05/10,DEL,22064,1.65,10
236,2011/05/10,DEL,22067,1.65,10
3810,2011/05/10,DEL,23183,3.75,6
2053,2011/05/10,DEL,22466,1.95,12
2053,2011/05/10,DEL,11001,1.69,16
2053,2011/05/10,DEL,22299,1.25,24
2053,2011/05/10,DEL,82001S,3.75,8
2053,2011/05/10,DEL,21064,5.95,2
2053,2011/05/10,DEL,21065,5.95,2
2430,2011/05/10,DEL,22654,5.95,3
3899,2011/05/10,DEL,22741,0.85,48
1037,2011/05/10,DEL,22700,2.95,6
1037,2011/05/10,DEL,22778,3.95,4
1037,2011/05/10,DEL,22399,1.25,12
1037,2011/05/10,DEL,21775,1.25,12
1037,2011/05/10,DEL,22361,2.95,6
1037,2011/05/10,DEL,84832,0.85,12
1037,2011/05/10,DEL,22792,0.85,12
1037,2011/05/10,DEL,21012,2.1,6
1228,2011/05/10,DEL,22128,1.25,12
1228,2011/05/10,DEL,47599A,2.1,6
1228,2011/05/10,DEL,35924,2.1,6
1462,2011/05/10,DEL,22354,3.39,60
1462,2011/05/10,DEL,22329,1.45,48
1462,2011/05/10,DEL,21039,2.55,48
1462,2011/05/10,DEL,22377,1.85,50
1462,2011/05/10,DEL,15056P,4.95,60
1462,2011/05/10,DEL,22243,1.65,24
1462,2011/05/10,DEL,22780,3.75,48
1462,2011/05/10,DEL,22935,2.75,72
1462,2011/05/10,DEL,22934,2.55,48
1462,2011/05/10,DEL,22365,6.75,10
852,2011/05/10,DEL,22583,2.55,6
852,2011/05/10,DEL,22741,0.85,48
852,2011/05/10,DEL,51014C,0.85,24
926,2011/05/10,DEL,21591,1.25,6
926,2011/05/10,DEL,84817,2.1,6
926,2011/05/10,DEL,21280,2.55,6
926,2011/05/10,DEL,21279,2.55,12
926,2011/05/10,DEL,22093,1.25,4
926,2011/05/10,DEL,21695,2.95,6
2849,2011/05/10,DEL,21089,0.19,6
2849,2011/05/10,DEL,21000,4.25,2
2849,2011/05/10,DEL,21625,6.95,3
2849,2011/05/10,DEL,20762,3.75,1
2849,2011/05/10,DEL,20765,3.75,2
2849,2011/05/10,DEL,22613,0.85,1
2849,2011/05/10,DEL,20977,1.25,2
2849,2011/05/10,DEL,22362,2.95,1
2849,2011/05/10,DEL,84926E,1.25,2
2849,2011/05/10,DEL,84926A,1.25,2
2849,2011/05/10,DEL,22312,2.95,1
2849,2011/05/10,DEL,22311,2.95,1
2849,2011/05/10,DEL,22314,2.95,1
2849,2011/05/10,DEL,35001G,4.25,1
2849,2011/05/10,DEL,20684,3.25,1
2849,2011/05/10,DEL,85174,4.95,2
2849,2011/05/10,DEL,22477,1.25,3
2849,2011/05/10,DEL,22479,1.25,7
2849,2011/05/10,DEL,21407,4.25,1
3458,2011/05/10,DEL,20674,1.25,8
3458,2011/05/10,DEL,21245,1.69,8
3458,2011/05/10,DEL,22316,1.25,12
3458,2011/05/10,DEL,21544,0.85,12
3458,2011/05/10,DEL,21679,0.85,12
2416,2011/05/10,DEL,15039,0.85,60
2416,2011/05/10,DEL,16014,0.42,80
2416,2011/05/10,DEL,16016,0.85,50
2416,2011/05/10,DEL,15044A,2.95,18
2416,2011/05/10,DEL,90039D,3.75,12
2416,2011/05/10,DEL,90039B,3.75,6
2416,2011/05/10,DEL,90039A,3.75,6
2416,2011/05/10,DEL,20761,3.75,4
2416,2011/05/10,DEL,84950,0.65,24
617,2011/05/10,DEL,22311,2.95,2
617,2011/05/10,DEL,84882,3.75,1
617,2011/05/10,DEL,85232D,4.95,1
617,2011/05/10,DEL,22371,4.25,1
617,2011/05/10,DEL,21207,1.65,2
617,2011/05/10,DEL,21866,1.25,1
617,2011/05/10,DEL,85054,2.95,1
617,2011/05/10,DEL,22097,1.25,1
617,2011/05/10,DEL,22092,1.25,1
2145,2011/05/10,DEL,84993A,0.42,24
2145,2011/05/10,DEL,22930,2.55,10
2145,2011/05/10,DEL,22936,3.25,2
2145,2011/05/10,DEL,22935,3.25,3
2145,2011/05/10,DEL,21832,1.65,4
2145,2011/05/10,DEL,21109,6.75,2
2145,2011/05/10,DEL,22956,2.1,2
2145,2011/05/10,DEL,37479B,0.39,6
2145,2011/05/10,DEL,22372,4.25,1
2145,2011/05/10,DEL,21973,1.45,7
2145,2011/05/10,DEL,35923,1.25,6
2145,2011/05/10,DEL,84249A,0.42,12
2145,2011/05/10,DEL,84686,4.25,1
2145,2011/05/10,DEL,84688,4.25,1
2674,2011/05/10,DEL,21833,1.69,36
2674,2011/05/10,DEL,85135B,7.95,1
2674,2011/05/10,DEL,85136A,7.95,1
2674,2011/05/10,DEL,85135C,7.95,1
2674,2011/05/10,DEL,85016,0.65,10
862,2011/05/10,DEL,84625C,0.85,24
862,2011/05/10,DEL,84625A,0.85,24
2035,2011/05/10,DEL,20716,1.25,3
2035,2011/05/10,DEL,21747,1.25,5
2035,2011/05/10,DEL,85183A,1.25,3
2035,2011/05/10,DEL,85183B,1.25,3
2035,2011/05/10,DEL,85049E,1.25,2
2035,2011/05/10,DEL,21787,0.85,5
2035,2011/05/10,DEL,62086A,1.95,4
2035,2011/05/10,DEL,62043B,0.83,5
2035,2011/05/10,DEL,21171,1.45,3
2035,2011/05/10,DEL,21206,1.65,3
2035,2011/05/10,DEL,21207,1.65,3
2035,2011/05/10,DEL,22480,1.25,5
2035,2011/05/10,DEL,18007,0.18,2
2035,2011/05/10,DEL,72140E,0.85,6
2035,2011/05/10,DEL,15058A,7.95,1
2035,2011/05/10,DEL,37444A,0.39,6
2035,2011/05/10,DEL,37413,0.39,6
2035,2011/05/10,DEL,22190,2.1,3
2035,2011/05/10,DEL,22109,3.75,3
2035,2011/05/10,DEL,22108,3.75,2
2035,2011/05/10,DEL,84563A,2.95,2
2035,2011/05/10,DEL,84519A,1.25,4
2035,2011/05/10,DEL,37413,0.39,2
2035,2011/05/10,DEL,22269,1.25,1
1592,2011/05/10,DEL,20866,1.25,2
1592,2011/05/10,DEL,20867,1.25,2
1592,2011/05/10,DEL,21706,4.95,5
1592,2011/05/10,DEL,21709,4.95,5
1592,2011/05/10,DEL,20967,3.75,3
1592,2011/05/10,DEL,22092,1.25,2
1592,2011/05/10,DEL,20658,1.25,3
1592,2011/05/10,DEL,20669,1.25,3
1592,2011/05/10,DEL,20856,1.65,2
1592,2011/05/10,DEL,85095,1.95,8
1592,2011/05/10,DEL,20751,2.1,3
1592,2011/05/10,DEL,22593,0.85,36
1592,2011/05/10,DEL,22443,7.95,1
1592,2011/05/10,DEL,22096,1.25,1
1062,2011/05/10,DEL,40016,0.42,10
1062,2011/05/10,DEL,22103,1.65,6
1062,2011/05/10,DEL,22807,2.95,2
1062,2011/05/10,DEL,22419,0.42,50
1062,2011/05/10,DEL,22103,1.65,6
1062,2011/05/10,DEL,22103,1.65,6
1062,2011/05/10,DEL,22825,7.95,2
1062,2011/05/10,DEL,85135B,7.95,1
1062,2011/05/10,DEL,15044C,2.95,3
1062,2011/05/10,DEL,21631,12.75,2
3171,2011/05/10,DEL,10133,0.85,20
2385,2011/05/10,DEL,62018,1.25,600
1600,2011/05/10,DEL,22613,0.72,96
1600,2011/05/10,DEL,20992,0.74,96
1600,2011/05/10,DEL,21054,8.95,19
1600,2011/05/10,DEL,21056,7.95,40
2612,2011/05/10,DEL,23253,15.95,2
2612,2011/05/10,DEL,22614,0.29,24
1657,2011/05/10,DEL,21624,5.95,6
1657,2011/05/10,DEL,21363,4.95,3
1657,2011/05/10,DEL,22477,1.25,10
1005,2011/05/10,DEL,23009,16.95,1
1005,2011/05/10,DEL,79191C,0.85,24
1005,2011/05/10,DEL,21866,1.25,2
1005,2011/05/10,DEL,84952B,3.75,2
1005,2011/05/10,DEL,84466,1.25,4
1005,2011/05/10,DEL,40016,0.42,12
1005,2011/05/10,DEL,20615,2.1,1
1005,2011/05/10,DEL,20616,2.1,1
944,2011/05/10,DEL,23140,4.15,2
944,2011/05/10,DEL,23138,1.45,7
944,2011/05/10,DEL,85130A,1.65,5
3656,2011/05/10,DEL,21844,2.95,12
3656,2011/05/10,DEL,22674,1.25,12
1755,2011/05/10,DEL,22792,0.85,12
1755,2011/05/10,DEL,22515,2.1,6
1755,2011/05/10,DEL,21875,1.25,12
1755,2011/05/10,DEL,21564,2.95,6
1755,2011/05/10,DEL,84913A,4.65,4
329,2011/05/10,DEL,22660,7.95,2
329,2011/05/10,DEL,35095A,0.42,12
329,2011/05/10,DEL,35095B,0.42,6
329,2011/05/10,DEL,22500,4.95,4
329,2011/05/10,DEL,72802B,4.25,12
329,2011/05/10,DEL,72807B,4.25,12
329,2011/05/10,DEL,72807A,4.25,12
329,2011/05/10,DEL,72802C,4.25,6
329,2011/05/10,DEL,72807C,4.25,12
329,2011/05/10,DEL,22794,7.95,4
329,2011/05/10,DEL,22055,1.65,6
329,2011/05/10,DEL,72760B,9.95,4
1729,2011/05/10,DEL,82001S,3.39,48
505,2011/05/10,DEL,21495,0.42,25
505,2011/05/10,DEL,22706,0.42,25
505,2011/05/10,DEL,23087,1.25,8
927,2011/05/10,DEL,20669,1.25,1
927,2011/05/10,DEL,22956,2.1,3
927,2011/05/10,DEL,21990,2.95,1
927,2011/05/10,DEL,21588,2.55,2
671,2011/05/10,DEL,22842,6.75,2
671,2011/05/10,DEL,22843,6.75,2
671,2011/05/10,DEL,22215,8.5,2
671,2011/05/10,DEL,22220,9.95,2
3346,2011/05/10,DEL,23183,3.75,4
3346,2011/05/10,DEL,23041,4.15,4
3346,2011/05/10,DEL,23045,4.15,2
3346,2011/05/10,DEL,21201,2.55,12
3341,2011/05/10,DEL,22322,0.85,2
3341,2011/05/10,DEL,22325,4.95,1
3341,2011/05/10,DEL,22317,2.95,1
3341,2011/05/10,DEL,79030D,0.39,6
3711,2011/05/10,DEL,84279B,3.75,1
3711,2011/05/10,DEL,21089,0.19,10
3711,2011/05/10,DEL,20682,3.25,1
3711,2011/05/10,DEL,21401,0.12,6
3711,2011/05/10,DEL,22420,0.42,4
3711,2011/05/10,DEL,22419,0.42,4
3711,2011/05/10,DEL,47593B,0.39,2
3711,2011/05/10,DEL,47594B,1.95,1
3711,2011/05/10,DEL,22276,2.55,1
3711,2011/05/10,DEL,85078,0.19,9
3711,2011/05/10,DEL,22277,2.1,1
3711,2011/05/10,DEL,85135B,7.95,1
3711,2011/05/10,DEL,85135C,7.95,1
3711,2011/05/10,DEL,22623,5.95,1
3711,2011/05/10,DEL,20829,2.1,1
3711,2011/05/10,DEL,47593B,0.39,10
1546,2011/05/10,DEL,21894,1.25,12
2995,2011/05/10,DEL,22055,1.65,8
2995,2011/05/10,DEL,22890,9.95,4
2995,2011/05/10,DEL,23153,3.75,4
2566,2011/05/10,DEL,21984,0.29,24
2566,2011/05/10,DEL,21983,0.29,24
1054,2011/05/10,DEL,22378,2.1,1
2157,2011/05/10,DEL,90035C,10.75,2
2157,2011/05/10,DEL,22852,4.25,2
2157,2011/05/10,DEL,23069,6.25,2
2157,2011/05/10,DEL,23070,4.15,4
850,2011/05/10,DEL,22824,35.95,1
672,2011/05/10,DEL,84352,16.95,1
672,2011/05/10,DEL,21257,7.95,1
672,2011/05/10,DEL,21259,5.95,1
672,2011/05/10,DEL,84708B,4.95,12
672,2011/05/10,DEL,21781,14.95,2
672,2011/05/10,DEL,21784,9.95,1
3913,2011/05/10,DEL,22316,1.25,1
2873,2011/05/10,DEL,20984,0.85,4
2873,2011/05/10,DEL,20980,1.25,4
2873,2011/05/10,DEL,20772,2.55,3
2873,2011/05/10,DEL,47504H,1.95,2
609,2011/05/10,DEL,22163,2.95,1
609,2011/05/10,DEL,20956,1.25,1
609,2011/05/10,DEL,21811,1.25,1
609,2011/05/10,DEL,22335,0.65,1
609,2011/05/10,DEL,37413,0.39,1
609,2011/05/10,DEL,22445,2.95,1
609,2011/05/10,DEL,84592,2.95,1
609,2011/05/10,DEL,22113,3.75,4
609,2011/05/10,DEL,22594,0.85,12
609,2011/05/10,DEL,22593,0.85,12
3387,2011/05/10,DEL,21705,1.65,2
3387,2011/05/10,DEL,22754,0.85,6
57,2011/05/10,DEL,21584,1.65,2
484,2011/05/10,DEL,75049L,0.85,192
484,2011/05/10,DEL,22660,6.75,10
484,2011/05/10,DEL,22365,6.75,10
484,2011/05/10,DEL,21361,12.75,1
484,2011/05/10,DEL,21224,1.25,1
484,2011/05/10,DEL,20848,2.95,4
484,2011/05/10,DEL,21683,2.95,6
484,2011/05/10,DEL,22085,2.95,2
484,2011/05/10,DEL,22671,1.65,1
484,2011/05/10,DEL,17084R,0.21,72
484,2011/05/10,DEL,21905,2.1,2
484,2011/05/10,DEL,21211,1.45,1
484,2011/05/10,DEL,22416,1.45,2
484,2011/05/10,DEL,22949,1.45,3
484,2011/05/10,DEL,21972,1.45,2
484,2011/05/10,DEL,21211,1.45,1
484,2011/05/10,DEL,51014A,0.85,12
484,2011/05/10,DEL,51014L,0.85,12
484,2011/05/10,DEL,21747,1.25,1
3819,2011/05/10,DEL,22230,0.85,12
3819,2011/05/10,DEL,22515,2.1,6
3819,2011/05/10,DEL,22517,2.1,6
3819,2011/05/10,DEL,22519,2.1,6
1889,2011/05/10,DEL,85184C,2.95,1
1889,2011/05/10,DEL,22098,1.25,3
1889,2011/05/10,DEL,21787,0.85,1
1889,2011/05/10,DEL,21786,0.42,6
1889,2011/05/10,DEL,22852,4.25,1
1889,2011/05/10,DEL,22066,0.39,2
1889,2011/05/10,DEL,22064,1.65,2
1889,2011/05/10,DEL,20682,3.25,1
743,2011/05/10,DEL,22158,2.95,8
743,2011/05/10,DEL,23142,10.4,4
743,2011/05/10,DEL,22267,1.25,12
743,2011/05/10,DEL,22266,0.65,14
743,2011/05/10,DEL,84347,2.55,48
1859,2011/05/10,DEL,21272,1.25,12
287,2011/05/10,DEL,22417,0.55,6
3343,2011/05/10,DEL,22381,2.1,5
3343,2011/05/10,DEL,22664,2.1,5
3196,2011/05/10,DEL,20846,1.25,3
3196,2011/05/10,DEL,21476,14.95,1
3196,2011/05/10,DEL,84974,9.95,1
3196,2011/05/10,DEL,85214,1.65,2
3196,2011/05/10,DEL,22227,0.65,2
3196,2011/05/10,DEL,22478,1.25,1
3196,2011/05/10,DEL,22479,1.25,1
3196,2011/05/10,DEL,22477,1.25,1
3196,2011/05/10,DEL,35972,1.25,2
3196,2011/05/10,DEL,35971,1.25,3
1819,2011/05/10,DEL,79191B,0.85,1
1819,2011/05/10,DEL,79190B,0.42,2
1819,2011/05/10,DEL,85214,1.65,1
1819,2011/05/10,DEL,84535B,0.65,1
1819,2011/05/10,DEL,75049L,1.25,3
3315,2011/05/10,DEL,20967,3.75,3
3315,2011/05/10,DEL,22566,0.85,12
3315,2011/05/10,DEL,22272,2.95,6
3315,2011/05/10,DEL,22751,3.39,48
3315,2011/05/10,DEL,22750,3.39,48
3315,2011/05/10,DEL,22940,3.75,48
3967,2011/05/10,DEL,47594B,1.95,3
3967,2011/05/10,DEL,47594A,1.95,3
3967,2011/05/10,DEL,84673A,0.65,1
3967,2011/05/10,DEL,22212,2.1,3
3967,2011/05/10,DEL,72800D,2.55,1
3967,2011/05/10,DEL,72800C,2.55,1
3967,2011/05/10,DEL,72800B,2.55,1
3967,2011/05/10,DEL,85124B,2.55,3
3967,2011/05/10,DEL,85124C,2.55,3
3967,2011/05/10,DEL,22376,4.25,1
3967,2011/05/10,DEL,22374,4.25,1
3967,2011/05/10,DEL,71279,2.95,6
3967,2011/05/10,DEL,22991,1.95,3
488,2011/05/10,DEL,22476,4.95,1
586,2011/05/10,DEL,23002,0.42,1
586,2011/05/10,DEL,23003,0.42,1
586,2011/05/10,DEL,22725,3.75,1
586,2011/05/10,DEL,21905,2.1,1
2244,2011/05/10,DEL,21654,0.39,6
2244,2011/05/10,DEL,22360,2.95,3
2244,2011/05/10,DEL,20992,0.85,7
2244,2011/05/10,DEL,22544,0.42,12
2244,2011/05/10,DEL,22539,0.42,7
2244,2011/05/10,DEL,21327,1.65,12
2244,2011/05/10,DEL,21721,0.85,7
922,2011/05/10,DEL,21249,2.95,1
922,2011/05/10,DEL,21251,2.95,2
922,2011/05/10,DEL,22717,0.42,12
922,2011/05/10,DEL,17011F,0.65,1
922,2011/05/10,DEL,20686,3.25,2
922,2011/05/10,DEL,20936,2.95,3
922,2011/05/10,DEL,20768,2.55,1
922,2011/05/10,DEL,20767,2.55,1
922,2011/05/10,DEL,84192,1.25,1
922,2011/05/10,DEL,84508A,2.55,1
922,2011/05/10,DEL,21577,2.25,2
922,2011/05/10,DEL,22902,2.1,4
922,2011/05/10,DEL,22674,1.25,3
922,2011/05/10,DEL,21623,9.95,2
922,2011/05/10,DEL,22377,2.1,3
922,2011/05/10,DEL,22664,2.1,3
3793,2011/05/10,DEL,22102,1.65,12
3793,2011/05/10,DEL,22465,1.65,6
3793,2011/05/10,DEL,22106,6.75,3
3677,2011/05/10,DEL,22199,4.25,1
3677,2011/05/10,DEL,22203,3.75,1
3677,2011/05/10,DEL,37448,1.49,1
3677,2011/05/10,DEL,22279,1.25,6
3677,2011/05/10,DEL,22686,1.25,1
3677,2011/05/10,DEL,22685,1.25,1
3677,2011/05/10,DEL,47574B,4.25,1
3677,2011/05/10,DEL,21527,7.95,1
3677,2011/05/10,DEL,10120,0.21,1
3677,2011/05/10,DEL,22922,0.85,1
3677,2011/05/10,DEL,84006,0.85,1
3677,2011/05/10,DEL,21041,2.95,1
3677,2011/05/10,DEL,37342,0.79,4
3677,2011/05/10,DEL,15034,0.14,12
3677,2011/05/10,DEL,21830,0.42,24
3677,2011/05/10,DEL,22977,1.25,1
333,2011/05/10,DEL,22797,16.95,1
333,2011/05/10,DEL,84686,4.25,1
333,2011/05/10,DEL,22483,2.95,1
333,2011/05/10,DEL,22233,1.65,1
333,2011/05/10,DEL,21677,0.85,6
333,2011/05/10,DEL,84685,3.75,1
333,2011/05/10,DEL,22231,1.45,1
333,2011/05/10,DEL,22232,1.65,1
333,2011/05/10,DEL,84192,1.25,1
333,2011/05/10,DEL,84192,1.25,2
333,2011/05/10,DEL,21462,6.75,1
3647,2011/05/10,DEL,23090,0.83,12
415,2011/05/10,DEL,21890,3.25,6
1531,2011/05/10,DEL,22438,1.95,10
1531,2011/05/10,DEL,23010,14.95,6
2261,2011/05/10,DEL,84050,1.25,12
2427,2011/05/10,DEL,84968A,12.75,1
2427,2011/05/10,DEL,22227,0.65,24
2427,2011/05/10,DEL,17107D,2.55,6
2427,2011/05/10,DEL,71101E,0.72,48
2427,2011/05/10,DEL,21465,3.75,6
2427,2011/05/10,DEL,21466,3.75,6
2427,2011/05/10,DEL,21469,3.75,6
2427,2011/05/10,DEL,21471,3.75,6
2427,2011/05/10,DEL,22894,9.95,6
2257,2011/05/10,DEL,85174,4.95,4
1948,2011/05/10,DEL,84796B,12.75,3
1948,2011/05/10,DEL,22972,1.65,12
1948,2011/05/10,DEL,22943,4.95,3
146,2011/05/10,DEL,21441,0.85,12
146,2011/05/10,DEL,22468,6.75,2
1738,2011/05/10,DEL,84884A,3.95,5
561,2011/05/10,DEL,23002,0.42,4
561,2011/05/10,DEL,23003,0.42,7
561,2011/05/10,DEL,22614,0.29,12
561,2011/05/10,DEL,20856,1.65,6
356,2011/05/10,DEL,46000S,1.45,36
2553,2011/05/10,DEL,23069,6.25,2
2553,2011/05/10,DEL,23070,4.15,8
77,2011/05/10,DEL,22526,12.75,1
77,2011/05/10,DEL,22519,2.1,6
77,2011/05/10,DEL,22517,2.1,6
77,2011/05/10,DEL,22545,0.42,24
77,2011/05/10,DEL,22544,0.42,24
77,2011/05/10,DEL,22562,1.25,12
77,2011/05/10,DEL,22563,1.25,12
77,2011/05/10,DEL,21986,0.29,24
77,2011/05/10,DEL,22465,1.65,12
1755,2011/05/10,DEL,22750,3.75,4
1755,2011/05/10,DEL,22161,0.65,24
1755,2011/05/10,DEL,22751,3.75,4
1755,2011/05/10,DEL,22038,0.42,25
1755,2011/05/10,DEL,84536B,0.42,16
3930,2011/05/10,DEL,21693,2.95,6
3930,2011/05/10,DEL,21688,2.95,6
3930,2011/05/10,DEL,85230E,0.29,48
211,2011/05/10,DEL,22963,0.72,48
3168,2011/05/10,DEL,23142,9.15,48
3168,2011/05/10,DEL,22381,1.85,50
3971,2011/05/10,DEL,23085,10.4,4
3971,2011/05/10,DEL,22911,2.95,6
3971,2011/05/10,DEL,22891,4.25,3
3971,2011/05/10,DEL,22794,7.95,2
172,2011/05/10,DEL,84795B,7.95,2
172,2011/05/10,DEL,21666,0.65,48
451,2011/05/10,DEL,22465,1.65,12
451,2011/05/10,DEL,22188,3.95,4
2919,2011/05/10,DEL,84816,39.95,1
2919,2011/05/10,DEL,23135,5.75,8
2919,2011/05/10,DEL,23087,1.25,16
2919,2011/05/10,DEL,22222,4.95,3
2443,2011/05/10,DEL,20677,1.25,8
2443,2011/05/10,DEL,20982,0.85,12
1146,2011/05/10,DEL,48116,4.58,101
1146,2011/05/10,DEL,22783,16.95,80
3103,2011/05/10,DEL,23099,6.65,4
2744,2011/05/10,DEL,22381,2.1,5
3005,2011/05/10,DEL,21906,6.75,6
3005,2011/05/10,DEL,22934,2.95,6
538,2011/05/10,DEL,22826,195.0,1
2038,2011/05/10,DEL,22623,5.95,3
2038,2011/05/10,DEL,20794,2.55,8
2558,2011/05/10,DEL,23086,1.25,16
2558,2011/05/10,DEL,23087,1.25,16
1237,2011/05/10,DEL,82001S,3.75,18
1237,2011/05/10,DEL,22412,2.1,18
1237,2011/05/10,DEL,20617,2.1,6
1237,2011/05/10,DEL,21179,1.25,12
348,2011/05/10,DEL,84725,1.65,1
348,2011/05/10,DEL,21363,4.95,1
348,2011/05/10,DEL,21462,6.75,1
215,2011/05/10,DEL,22744,2.95,1
215,2011/05/10,DEL,21328,1.65,2
215,2011/05/10,DEL,10125,0.85,1
215,2011/05/10,DEL,21883,0.65,1
215,2011/05/10,DEL,21329,1.65,2
215,2011/05/10,DEL,22443,7.95,1
215,2011/05/10,DEL,21561,2.55,3
215,2011/05/10,DEL,20748,12.75,1
215,2011/05/10,DEL,23003,0.42,5
3713,2011/05/10,DEL,22564,1.25,1
3713,2011/05/10,DEL,23047,5.75,2
3713,2011/05/10,DEL,22936,3.25,1
3860,2011/05/10,DEL,22113,3.75,12
3860,2011/05/10,DEL,22111,4.25,24
3860,2011/05/10,DEL,21485,4.25,24
1016,2011/05/10,DEL,22047,0.42,25
1016,2011/05/10,DEL,21202,1.65,2
1016,2011/05/10,DEL,84212,0.65,6
1016,2011/05/10,DEL,21377,1.65,2
1016,2011/05/10,DEL,21379,1.25,2
1016,2011/05/10,DEL,21378,1.65,2
3044,2011/05/10,DEL,84665,5.95,20
3044,2011/05/10,DEL,84849D,1.69,12
3044,2011/05/10,DEL,22137,2.95,10
3044,2011/05/10,DEL,84849A,1.69,12
3044,2011/05/10,DEL,20961,1.25,10
3044,2011/05/10,DEL,20963,1.25,12
3044,2011/05/10,DEL,22111,4.95,6
3044,2011/05/10,DEL,21485,4.95,6
3044,2011/05/10,DEL,84029G,3.75,8
3044,2011/05/10,DEL,21983,0.29,24
3044,2011/05/10,DEL,22674,1.25,12
3044,2011/05/10,DEL,22671,1.65,12
2398,2011/05/10,DEL,21294,0.39,48
2398,2011/05/10,DEL,84661A,2.55,6
2398,2011/05/10,DEL,84660A,3.75,4
2629,2011/05/10,DEL,22949,1.45,12
1560,2011/05/10,DEL,22628,4.95,4
1560,2011/05/10,DEL,22035,0.42,12
1560,2011/05/10,DEL,22715,0.42,12
1560,2011/05/10,DEL,84251G,0.19,12
1560,2011/05/10,DEL,22181,0.85,12
1560,2011/05/10,DEL,84212,0.65,24
2646,2011/05/10,DEL,22597,0.85,12
1364,2011/05/10,DEL,79191C,0.85,12
1364,2011/05/10,DEL,22923,0.85,12
1364,2011/05/10,DEL,22399,1.25,12
1364,2011/05/10,DEL,21494,1.25,12
3865,2011/05/10,DEL,85176,0.85,24
3865,2011/05/10,DEL,85177,0.85,24
759,2011/05/10,DEL,21654,0.39,36
3983,2011/05/10,DEL,21220,1.25,10
3983,2011/05/10,DEL,21730,4.95,3
3983,2011/05/10,DEL,84563A,2.95,6
3983,2011/05/10,DEL,85017B,0.42,12
3983,2011/05/10,DEL,21089,0.19,12
510,2011/05/10,DEL,20998,2.95,6
510,2011/05/10,DEL,22183,6.75,3
510,2011/05/10,DEL,22364,2.95,6
2062,2011/05/10,DEL,23069,6.25,2
2062,2011/05/10,DEL,23070,4.15,4
2062,2011/05/10,DEL,23139,1.45,12
2062,2011/05/10,DEL,23138,1.45,12
2062,2011/05/10,DEL,23140,4.15,8
3925,2011/05/10,DEL,22650,1.25,36
3790,2011/05/10,DEL,72760B,8.49,24
3790,2011/05/10,DEL,22207,3.75,48
1146,2011/05/10,DEL,22788,6.78,85
1146,2011/05/10,DEL,21623,6.38,80
1146,2011/05/10,DEL,22912,3.37,72
1146,2011/05/10,DEL,23135,3.32,120
1146,2011/05/10,DEL,22188,2.32,216
1146,2011/05/10,DEL,37449,6.79,32
3140,2011/05/10,DEL,22365,7.95,5
1146,2011/05/10,DEL,22349,2.46,72
1146,2011/05/10,DEL,22700,1.68,72
1146,2011/05/10,DEL,22701,1.66,72
2562,2011/05/10,DEL,84796B,10.95,12
2762,2011/05/10,DEL,21187,1.65,25
2762,2011/05/10,DEL,21813,4.95,25
1872,2011/05/10,DEL,22217,1.25,6
1872,2011/05/10,DEL,84600,7.95,1
1872,2011/05/10,DEL,22265,0.65,8
1872,2011/05/10,DEL,75049L,1.25,18
1872,2011/05/10,DEL,23099,6.65,2
1872,2011/05/10,DEL,35095B,0.42,12
1872,2011/05/10,DEL,35095A,0.42,12
1872,2011/05/10,DEL,23151,2.49,4
1872,2011/05/10,DEL,17129F,0.85,4
1872,2011/05/10,DEL,17107D,2.55,3
1872,2011/05/10,DEL,20984,0.85,6
1900,2011/05/10,DEL,84832,0.85,6
1900,2011/05/10,DEL,20966,1.25,1
1900,2011/05/10,DEL,20961,1.25,1
1900,2011/05/10,DEL,47578A,0.85,4
1900,2011/05/10,DEL,22602,0.85,4
1108,2011/05/10,DEL,22406,1.25,1
1108,2011/05/10,DEL,22434,1.95,1
1108,2011/05/10,DEL,79051A,0.29,6
1108,2011/05/10,DEL,22587,0.85,2
1108,2011/05/10,DEL,21407,4.25,1
1108,2011/05/10,DEL,84658,6.95,2
1108,2011/05/10,DEL,84859A,1.95,3
1108,2011/05/10,DEL,84466,1.25,16
1108,2011/05/10,DEL,84658,6.95,1
1108,2011/05/10,DEL,10120,0.21,2
1108,2011/05/10,DEL,16238,0.21,3
1108,2011/05/10,DEL,16046,0.85,3
3587,2011/05/10,DEL,22725,3.75,4
1940,2011/05/10,DEL,21495,0.42,25
1940,2011/05/10,DEL,21028,1.25,10
1940,2011/05/10,DEL,21027,1.25,10
1940,2011/05/10,DEL,21030,1.25,10
1940,2011/05/10,DEL,90014B,9.95,1
1940,2011/05/10,DEL,90018B,4.25,2
3513,2011/05/10,DEL,22673,1.25,12
2687,2011/05/10,DEL,21622,4.95,4
2687,2011/05/10,DEL,46126A,1.25,4
743,2011/05/10,DEL,22468,6.75,5
1941,2011/05/10,DEL,22634,9.95,2
1941,2011/05/10,DEL,21872,1.25,12
1710,2011/05/10,DEL,22977,1.25,12
1710,2011/05/10,DEL,22819,0.42,12
555,2011/05/10,DEL,85114A,1.65,10
555,2011/05/10,DEL,85114B,1.65,4
555,2011/05/10,DEL,85114C,1.65,4
555,2011/05/10,DEL,22643,2.55,3
555,2011/05/10,DEL,22642,2.55,3
555,2011/05/10,DEL,22639,2.55,4
555,2011/05/10,DEL,21592,1.25,4
555,2011/05/10,DEL,16156L,0.42,25
555,2011/05/10,DEL,21495,0.42,25
555,2011/05/10,DEL,22276,2.55,3
555,2011/05/10,DEL,21106,2.95,1
555,2011/05/10,DEL,21107,2.95,2
555,2011/05/10,DEL,21051,2.1,3
555,2011/05/10,DEL,20856,1.65,3
555,2011/05/10,DEL,20867,1.25,3
555,2011/05/10,DEL,20866,1.25,3
555,2011/05/10,DEL,22493,1.65,3
555,2011/05/10,DEL,22744,2.95,3
753,2011/05/10,DEL,22681,1.25,7
753,2011/05/10,DEL,22678,1.25,5
753,2011/05/10,DEL,22679,1.25,5
753,2011/05/10,DEL,22685,1.25,5
753,2011/05/10,DEL,22683,1.25,5
753,2011/05/10,DEL,22681,1.25,5
753,2011/05/10,DEL,22677,1.25,5
753,2011/05/10,DEL,22680,1.25,5
753,2011/05/10,DEL,85054,2.95,3
753,2011/05/10,DEL,23142,10.4,2
3474,2011/05/10,DEL,22843,6.75,1
3474,2011/05/10,DEL,22842,6.75,1
3474,2011/05/10,DEL,21331,12.75,1
3474,2011/05/10,DEL,22691,7.95,1
3474,2011/05/10,DEL,84929,0.55,12
3474,2011/05/10,DEL,72780,0.85,3
3474,2011/05/10,DEL,22825,7.95,3
3474,2011/05/10,DEL,84673B,0.65,3
3474,2011/05/10,DEL,84673A,0.65,3
3474,2011/05/10,DEL,84873A,16.95,1
3955,2011/05/10,DEL,22293,1.45,6
3955,2011/05/10,DEL,22291,1.45,6
3955,2011/05/10,DEL,22496,2.95,1
3166,2011/05/10,DEL,22327,2.95,6
3166,2011/05/10,DEL,22350,2.55,6
3166,2011/05/10,DEL,22349,3.75,6
2438,2011/05/10,DEL,22109,3.75,12
2438,2011/05/10,DEL,84006,0.85,12
2438,2011/05/10,DEL,22064,1.65,12
2438,2011/05/10,DEL,15060B,3.75,4
3678,2011/05/10,DEL,21973,1.45,1
3678,2011/05/10,DEL,21974,1.45,1
3678,2011/05/10,DEL,22098,1.25,5
1370,2011/05/10,DEL,16235,0.21,60
1370,2011/05/10,DEL,22045,0.42,25
1370,2011/05/10,DEL,22244,1.95,36
886,2011/05/10,DEL,21401,0.12,24
886,2011/05/10,DEL,21400,0.12,24
886,2011/05/10,DEL,21402,0.12,24
886,2011/05/10,DEL,21403,0.12,24
886,2011/05/10,DEL,20839,0.85,12
3877,2011/05/10,DEL,23157,2.08,12
766,2011/05/10,DEL,23193,2.25,1
766,2011/05/10,DEL,85203,0.42,3
766,2011/05/10,DEL,85204,0.42,3
766,2011/05/10,DEL,22249,0.85,3
766,2011/05/10,DEL,22250,0.85,3
766,2011/05/10,DEL,85202,0.42,3
766,2011/05/10,DEL,21222,1.25,5
766,2011/05/10,DEL,21220,1.25,5
766,2011/05/10,DEL,21224,1.25,5
766,2011/05/10,DEL,22251,1.25,3
766,2011/05/10,DEL,85049G,1.25,2
766,2011/05/10,DEL,85049E,1.25,2
766,2011/05/10,DEL,85049D,1.25,2
766,2011/05/10,DEL,85049F,1.25,2
766,2011/05/10,DEL,85049C,1.25,2
766,2011/05/10,DEL,22835,4.65,2
744,2011/05/10,DEL,84832,0.85,24
744,2011/05/10,DEL,22717,0.42,12
1542,2011/05/10,DEL,21578,2.25,6
2248,2011/05/10,DEL,22800,3.75,4
599,2011/05/10,DEL,21465,3.75,1
599,2011/05/10,DEL,21564,2.95,1
599,2011/05/10,DEL,23009,16.95,2
1230,2011/05/10,DEL,22890,9.95,4
27,2011/05/10,DEL,22333,1.45,96
27,2011/05/10,DEL,22152,0.42,24
2604,2011/05/10,DEL,20752,2.1,6
2604,2011/05/10,DEL,20752,2.1,6
1344,2011/05/10,DEL,22582,2.55,12
1344,2011/05/10,DEL,22215,8.5,4
1344,2011/05/10,DEL,22583,2.55,12
3295,2011/05/10,DEL,21498,0.42,25
3295,2011/05/10,DEL,22708,0.42,25
3295,2011/05/10,DEL,22181,0.85,12
3295,2011/05/10,DEL,21039,2.55,6
3295,2011/05/10,DEL,22343,0.85,24
3295,2011/05/10,DEL,22628,4.95,8
3295,2011/05/10,DEL,22819,0.42,12
782,2011/05/10,DEL,22839,14.95,1
2537,2011/05/10,DEL,84968E,12.75,1
2537,2011/05/10,DEL,22282,12.75,2
2537,2011/05/10,DEL,22839,14.95,1
210,2011/05/10,DEL,21479,3.75,4
210,2011/05/10,DEL,20826,0.39,12
210,2011/05/10,DEL,46126A,1.25,10
210,2011/05/10,DEL,85116,0.65,48
210,2011/05/10,DEL,22526,12.75,1
262,2011/05/10,DEL,22797,16.95,1
262,2011/05/10,DEL,21391,2.1,3
2809,2011/05/10,DEL,22981,1.45,1
2809,2011/05/10,DEL,22060,3.95,1
2809,2011/05/10,DEL,22060,3.95,1
2809,2011/05/10,DEL,22060,3.95,1
2809,2011/05/10,DEL,21592,1.25,1
2809,2011/05/10,DEL,22868,1.95,1
2809,2011/05/10,DEL,22875,1.95,1
2809,2011/05/10,DEL,37489D,0.39,2
2809,2011/05/10,DEL,37489B,0.39,2
2809,2011/05/10,DEL,37489A,0.39,2
2809,2011/05/10,DEL,37489C,0.39,2
295,2011/05/10,DEL,22081,1.65,10
295,2011/05/10,DEL,22810,2.95,6
295,2011/05/10,DEL,22809,2.95,6
295,2011/05/10,DEL,21813,4.95,6
295,2011/05/10,DEL,21823,1.45,12
295,2011/05/10,DEL,21015,0.85,12
295,2011/05/10,DEL,21810,1.25,12
295,2011/05/10,DEL,84352,16.95,1
295,2011/05/10,DEL,21730,4.95,3
295,2011/05/10,DEL,84843,5.95,2
295,2011/05/10,DEL,21332,12.75,1
295,2011/05/10,DEL,85103,6.75,2
295,2011/05/10,DEL,85104,2.95,6
2827,2011/05/10,DEL,17091A,0.38,6
2827,2011/05/10,DEL,21845,0.79,36
2827,2011/05/10,DEL,62043B,0.83,5
2827,2011/05/10,DEL,78124,1.25,24
2827,2011/05/10,DEL,79337,0.38,12
2827,2011/05/10,DEL,84875B,1.25,24
2827,2011/05/10,DEL,22115,2.95,6
2827,2011/05/10,DEL,84924A,3.75,4
2827,2011/05/10,DEL,37370,1.25,12
2124,2011/05/10,DEL,21696,2.95,6
2124,2011/05/10,DEL,21693,2.95,6
2124,2011/05/10,DEL,21694,2.95,6
2124,2011/05/10,DEL,72800E,2.1,12
2124,2011/05/10,DEL,72799E,2.95,12
2124,2011/05/10,DEL,21609,2.95,12
2124,2011/05/10,DEL,21689,3.75,6
2124,2011/05/10,DEL,23071,12.5,2
2124,2011/05/10,DEL,23072,12.5,2
2124,2011/05/10,DEL,21613,2.95,12
2124,2011/05/10,DEL,21614,2.95,12
2124,2011/05/10,DEL,23073,12.5,2
2124,2011/05/10,DEL,84707A,9.95,2
2922,2011/05/10,DEL,21534,4.95,3
2922,2011/05/10,DEL,37471,0.85,12
2922,2011/05/10,DEL,22304,2.55,6
2922,2011/05/10,DEL,22305,2.55,6
353,2011/05/10,DEL,22162,2.95,1
353,2011/05/10,DEL,84406B,4.15,4
353,2011/05/10,DEL,22360,2.95,1
353,2011/05/10,DEL,22364,2.95,1
353,2011/05/10,DEL,21473,19.95,1
2412,2011/05/10,DEL,84509A,3.75,12
2184,2011/05/10,DEL,22824,35.95,1
2184,2011/05/10,DEL,85172,0.42,32
2184,2011/05/10,DEL,22696,1.95,3
2184,2011/05/10,DEL,22695,1.45,3
2184,2011/05/10,DEL,21614,2.95,12
2184,2011/05/10,DEL,85170C,2.1,12
2184,2011/05/10,DEL,84950,0.65,12
2184,2011/05/10,DEL,20936,2.95,1
2184,2011/05/10,DEL,21201,2.55,6
2184,2011/05/10,DEL,21462,6.75,1
2184,2011/05/10,DEL,47574B,4.25,3
2184,2011/05/10,DEL,47481,0.85,12
2184,2011/05/10,DEL,21763,29.95,1
2184,2011/05/10,DEL,15044C,2.95,3
3645,2011/05/10,DEL,21041,2.95,6
3645,2011/05/10,DEL,22176,2.95,6
3645,2011/05/10,DEL,22886,1.95,8
292,2011/05/10,DEL,22192,8.5,2
292,2011/05/10,DEL,21609,2.95,4
292,2011/05/10,DEL,22772,1.25,12
292,2011/05/10,DEL,21586,2.55,3
2220,2011/05/10,DEL,20761,3.75,4
2220,2011/05/10,DEL,20766,3.75,4
2220,2011/05/10,DEL,22497,4.25,4
2220,2011/05/10,DEL,46000S,1.45,12
110,2011/05/10,DEL,15044A,2.95,6
2422,2011/05/10,DEL,22967,2.95,6
2799,2011/05/10,DEL,C2,50.0,1
2799,2011/05/10,DEL,21520,0.42,12
2799,2011/05/10,DEL,21110,6.75,4
2799,2011/05/10,DEL,20795,2.1,12
2799,2011/05/10,DEL,20796,1.65,12
1906,2011/05/10,DEL,22893,0.42,12
1906,2011/05/10,DEL,22119,6.95,3
1906,2011/05/10,DEL,22119,6.95,1
2459,2011/05/10,DEL,40016,0.42,48
1143,2011/05/10,DEL,22583,2.55,6
1143,2011/05/10,DEL,22582,2.55,6
1143,2011/05/10,DEL,22653,1.95,10
1864,2011/05/10,DEL,22821,0.65,12
2314,2011/05/10,DEL,22778,3.39,24
314,2011/05/10,DEL,22974,1.65,12
314,2011/05/10,DEL,22972,1.65,12
2109,2011/05/10,DEL,23129,4.15,12
407,2011/05/10,DEL,22691,7.95,2
407,2011/05/10,DEL,21473,19.95,1
2012,2011/05/10,DEL,21463,5.95,4
2012,2011/05/10,DEL,20977,1.25,16
2012,2011/05/10,DEL,21630,8.95,2
2012,2011/05/10,DEL,21629,7.95,2
122,2011/05/10,DEL,22398,1.25,12
122,2011/05/10,DEL,22402,1.25,12
122,2011/05/10,DEL,23153,3.75,4
1742,2011/05/10,DEL,22526,12.75,2
1742,2011/05/10,DEL,85198,0.85,12
444,2011/05/10,DEL,37495,3.75,4
444,2011/05/10,DEL,22244,1.95,12
444,2011/05/10,DEL,22245,0.85,12
95,2011/05/10,DEL,23090,0.72,144
95,2011/05/10,DEL,84884A,3.39,30
95,2011/05/10,DEL,22361,2.55,24
1377,2011/05/10,DEL,47504H,1.95,12
1377,2011/05/10,DEL,22480,1.25,12
1377,2011/05/10,DEL,85032B,0.65,12
2906,2011/05/10,DEL,15044A,2.95,6
2906,2011/05/10,DEL,15058A,6.75,10
2906,2011/05/10,DEL,15058B,7.95,6
3160,2011/05/10,DEL,22203,3.75,4
3160,2011/05/10,DEL,21466,3.75,6
1406,2011/05/10,DEL,22333,1.65,8
1406,2011/05/10,DEL,22474,4.95,3
1406,2011/05/10,DEL,22123,1.95,12
1406,2011/05/10,DEL,51014A,0.85,12
1406,2011/05/10,DEL,51014L,0.85,12
1406,2011/05/10,DEL,21196,1.65,12
1406,2011/05/10,DEL,22399,1.25,12
3861,2011/05/10,DEL,84800L,1.69,48
3861,2011/05/10,DEL,84804B,2.95,12
3861,2011/05/10,DEL,84806B,1.25,48
3861,2011/05/10,DEL,22651,0.85,12
3861,2011/05/10,DEL,22448,3.35,6
2159,2011/05/10,DEL,23104,12.5,1
2159,2011/05/10,DEL,17136A,0.08,24
2159,2011/05/10,DEL,20839,0.85,12
2159,2011/05/10,DEL,20840,0.85,12
2159,2011/05/10,DEL,20836,0.83,12
2159,2011/05/10,DEL,20837,0.83,12
2159,2011/05/10,DEL,37327,0.39,48
2159,2011/05/10,DEL,84706D,1.95,2
3538,2011/05/10,DEL,22821,0.65,12
3538,2011/05/10,DEL,22025,0.42,12
3517,2011/05/10,DEL,23086,1.25,16
3517,2011/05/10,DEL,85230B,0.29,24
3517,2011/05/10,DEL,85230G,0.29,24
3517,2011/05/10,DEL,85230E,0.29,24
3517,2011/05/10,DEL,21033,2.08,10
3517,2011/05/10,DEL,20996,0.42,24
3517,2011/05/10,DEL,22208,1.65,12
3011,2011/05/10,DEL,21106,2.95,6
3011,2011/05/10,DEL,22930,2.55,6
3011,2011/05/10,DEL,22935,3.25,12
3011,2011/05/10,DEL,21109,6.75,2
3011,2011/05/10,DEL,21111,2.95,6
3011,2011/05/10,DEL,62043B,0.83,2
3889,2011/05/10,DEL,37495,3.75,4
713,2011/05/10,DEL,21609,2.55,144
1174,2011/05/10,DEL,22894,9.95,2
989,2011/05/10,DEL,21161,1.45,12
989,2011/05/10,DEL,21163,1.45,12
989,2011/05/10,DEL,22055,1.65,8
989,2011/05/10,DEL,37446,1.45,8
49,2011/05/10,DEL,22772,1.25,12
994,2011/05/10,DEL,21402,0.12,48
994,2011/05/10,DEL,21403,0.12,24
2710,2011/05/10,DEL,21498,0.42,25
2710,2011/05/10,DEL,23136,3.75,4
1717,2011/05/10,DEL,37495,3.75,4
1717,2011/05/10,DEL,22973,1.65,24
1717,2011/05/10,DEL,21031,1.25,10
1717,2011/05/10,DEL,21025,1.25,10
1717,2011/05/10,DEL,21829,0.21,36
1717,2011/05/10,DEL,22434,1.95,8
1717,2011/05/10,DEL,22439,0.65,24
1717,2011/05/10,DEL,20757,0.85,12
1717,2011/05/10,DEL,22045,0.42,25
1717,2011/05/10,DEL,22040,0.42,25
3212,2011/05/10,DEL,23101,0.83,12
2097,2011/05/10,DEL,22472,4.95,3
2097,2011/05/10,DEL,22474,4.95,3
424,2011/05/10,DEL,22981,1.45,12
424,2011/05/10,DEL,22982,1.25,12
424,2011/05/10,DEL,22911,2.95,6
1487,2011/05/10,DEL,22755,0.85,24
1487,2011/05/10,DEL,23086,1.25,32
1487,2011/05/10,DEL,22634,9.95,2
1487,2011/05/10,DEL,17011F,0.65,24
1487,2011/05/10,DEL,20777,1.65,6
1487,2011/05/10,DEL,21578,2.25,6
1487,2011/05/10,DEL,21581,2.25,6
1487,2011/05/10,DEL,21284,1.69,12
1487,2011/05/10,DEL,20977,1.25,16
1487,2011/05/10,DEL,16236,0.21,28
1410,2011/05/10,DEL,21578,2.25,12
1410,2011/05/10,DEL,22614,0.29,48
1410,2011/05/10,DEL,22615,0.29,48
1410,2011/05/10,DEL,21967,0.29,48
1410,2011/05/10,DEL,21706,4.95,4
1410,2011/05/10,DEL,90173,3.75,4
1410,2011/05/10,DEL,90170,1.65,12
1410,2011/05/10,DEL,90202D,2.95,6
1432,2011/05/10,DEL,22374,4.25,4
3592,2011/05/10,DEL,21246,4.95,12
1128,2011/05/10,DEL,22245,0.85,12
1128,2011/05/10,DEL,85054,2.95,6
3495,2011/05/10,DEL,84927F,2.1,6
3495,2011/05/10,DEL,47341B,1.25,12
3495,2011/05/10,DEL,85016,0.65,48
3495,2011/05/10,DEL,22756,1.25,12
3495,2011/05/10,DEL,22755,0.85,12
3495,2011/05/10,DEL,85015,0.65,24
3495,2011/05/10,DEL,21270,12.75,1
3495,2011/05/10,DEL,85017B,0.42,12
3495,2011/05/10,DEL,21269,8.5,2
3495,2011/05/10,DEL,22781,7.65,4
3677,2011/05/10,DEL,15056P,5.95,6
291,2011/05/10,DEL,22311,2.95,1
291,2011/05/10,DEL,22313,2.95,1
291,2011/05/10,DEL,22312,2.95,1
291,2011/05/10,DEL,22117,2.95,1
291,2011/05/10,DEL,47567B,5.95,1
291,2011/05/10,DEL,22123,1.95,2
291,2011/05/10,DEL,71270,1.25,2
291,2011/05/10,DEL,22419,0.42,2
291,2011/05/10,DEL,20961,1.25,2
291,2011/05/10,DEL,20963,1.25,2
291,2011/05/10,DEL,21967,0.29,3
291,2011/05/10,DEL,20618,2.1,1
291,2011/05/10,DEL,20617,2.1,1
291,2011/05/10,DEL,20622,2.1,1
291,2011/05/10,DEL,22094,1.25,1
291,2011/05/10,DEL,84725,1.65,1
291,2011/05/10,DEL,22066,0.39,2
291,2011/05/10,DEL,22099,1.25,2
291,2011/05/10,DEL,37447,1.49,2
291,2011/05/10,DEL,22057,1.49,2
291,2011/05/10,DEL,22094,1.25,1
291,2011/05/10,DEL,21068,1.25,2
291,2011/05/10,DEL,37448,1.49,2
291,2011/05/10,DEL,47480,1.65,1
291,2011/05/10,DEL,22136,1.65,2
291,2011/05/10,DEL,37450,2.95,1
291,2011/05/10,DEL,82613D,1.25,1
291,2011/05/10,DEL,82613C,1.25,1
291,2011/05/10,DEL,82613B,1.25,1
291,2011/05/10,DEL,47480,1.65,1
2013,2011/05/10,DEL,22441,2.1,16
2013,2011/05/10,DEL,21179,1.25,6
2013,2011/05/10,DEL,84925F,2.55,3
2013,2011/05/10,DEL,84212,0.65,6
2013,2011/05/10,DEL,22136,1.65,2
2013,2011/05/10,DEL,22243,1.65,3
2013,2011/05/10,DEL,21201,2.55,6
2013,2011/05/10,DEL,23010,16.95,1
2013,2011/05/10,DEL,21206,1.65,6
3682,2011/05/10,DEL,16218,0.16,5
3682,2011/05/10,DEL,84559B,0.85,3
3682,2011/05/10,DEL,84559A,0.85,3
3682,2011/05/10,DEL,85227,0.85,4
3682,2011/05/10,DEL,21199,1.65,4
3682,2011/05/10,DEL,21829,0.21,36
3682,2011/05/10,DEL,21294,0.39,24
3682,2011/05/10,DEL,22181,0.85,1
3682,2011/05/10,DEL,16259,0.21,108
3682,2011/05/10,DEL,22354,3.75,6
611,2011/05/10,DEL,22902,1.69,50
413,2011/05/10,DEL,22371,3.95,48
3353,2011/05/10,DEL,22215,8.5,6
3353,2011/05/10,DEL,22183,6.75,3
3353,2011/05/10,DEL,72760B,9.95,2
3353,2011/05/10,DEL,37342,0.79,24
1071,2011/05/10,DEL,21689,3.75,4
1071,2011/05/10,DEL,22800,3.75,4
413,2011/05/10,DEL,22371,3.75,2
1777,2011/05/10,DEL,21927,1.25,12
1777,2011/05/10,DEL,22151,0.42,24
55,2011/05/10,DEL,22208,1.65,12
55,2011/05/10,DEL,21700,0.85,12
55,2011/05/10,DEL,21794,3.95,8
1472,2011/05/10,DEL,22803,39.95,1
3529,2011/05/10,DEL,23138,1.45,12
3529,2011/05/10,DEL,84406B,4.15,8
3219,2011/05/10,DEL,22954,1.25,12
3219,2011/05/10,DEL,23002,0.42,24
2007,2011/05/10,DEL,84924A,3.75,4
2007,2011/05/10,DEL,23137,3.75,4
2007,2011/05/10,DEL,23090,0.83,12
2007,2011/05/10,DEL,84795B,7.95,2
784,2011/05/10,DEL,72807C,4.25,4
784,2011/05/10,DEL,85034A,4.25,4
784,2011/05/10,DEL,85034B,4.25,4
2183,2011/05/10,DEL,23064,41.75,4
3275,2011/05/10,DEL,23048,4.15,4
2340,2011/05/10,DEL,85015,0.65,24
2340,2011/05/10,DEL,21773,1.25,12
2340,2011/05/10,DEL,21407,4.25,3
2340,2011/05/10,DEL,22673,1.25,12
2340,2011/05/10,DEL,22669,2.95,5
3643,2011/05/10,DEL,20840,0.85,12
1197,2011/05/10,DEL,21561,2.55,6
1712,2011/05/10,DEL,22498,5.95,3
1712,2011/05/10,DEL,22910,2.95,6
1190,2011/05/10,DEL,37448,1.49,4
1190,2011/05/10,DEL,21562,1.25,6
1190,2011/05/10,DEL,22085,2.95,2
1190,2011/05/10,DEL,21207,1.65,2
1190,2011/05/10,DEL,20982,0.85,3
3165,2011/05/10,DEL,23073,12.5,1
3165,2011/05/10,DEL,22835,4.65,4
1151,2011/05/10,DEL,21446,1.25,3
1151,2011/05/10,DEL,21361,12.75,1
1151,2011/05/10,DEL,22151,0.42,216
1151,2011/05/10,DEL,21781,14.95,1
1151,2011/05/10,DEL,22509,16.95,1
1232,2011/05/10,DEL,84818,2.55,6
1232,2011/05/10,DEL,84819,4.25,3
