5.913001248041085e+153,2011/08/20,DEL,22619,3.75,4
8.897533956453618e+153,2011/08/20,DEL,21707,4.95,4
4.166697482122337e+153,2011/08/20,DEL,22474,4.95,1
6.353269380701359e+153,2011/08/20,DEL,21761,29.95,1
6.353269380701359e+153,2011/08/20,DEL,85202,0.42,5
6.353269380701359e+153,2011/08/20,DEL,22229,0.39,1
6.353269380701359e+153,2011/08/20,DEL,22228,0.39,2
6.353269380701359e+153,2011/08/20,DEL,22277,2.1,3
6.353269380701359e+153,2011/08/20,DEL,21866,1.25,2
6.353269380701359e+153,2011/08/20,DEL,21864,2.1,2
6.353269380701359e+153,2011/08/20,DEL,85203,0.42,5
6.353269380701359e+153,2011/08/20,DEL,35916B,0.85,6
6.353269380701359e+153,2011/08/20,DEL,35916C,0.85,6
6.353269380701359e+153,2011/08/20,DEL,35916A,0.85,6
6.353269380701359e+153,2011/08/20,DEL,84509A,3.75,2
6.353269380701359e+153,2011/08/20,DEL,21108,2.55,9
1.2361379044034456e+154,2011/08/20,DEL,C2,50.0,1
1.1351314094004953e+154,2011/08/20,DEL,23327,0.63,12
1.1351314094004953e+154,2011/08/20,DEL,23161,1.25,24
1.2557223003680733e+154,2011/08/20,DEL,22710,0.42,25
1.2557223003680733e+154,2011/08/20,DEL,21123,1.25,2
1.2557223003680733e+154,2011/08/20,DEL,37446,1.45,2
1.2557223003680733e+154,2011/08/20,DEL,22055,1.65,4
3.004574408908102e+153,2011/08/20,DEL,21476,14.95,2
1.0820640862550403e+154,2011/08/20,DEL,20936,2.95,1
1.0820640862550403e+154,2011/08/20,DEL,20933,2.95,1
1.0820640862550403e+154,2011/08/20,DEL,84993A,0.42,1
1.0820640862550403e+154,2011/08/20,DEL,22306,1.25,6
1.0820640862550403e+154,2011/08/20,DEL,21372,0.75,1
1.2050769618794388e+154,2011/08/20,DEL,51014C,0.39,96
7.770444622510032e+153,2011/08/20,DEL,21143,1.95,3
7.770444622510032e+153,2011/08/20,DEL,22357,4.25,1
7.770444622510032e+153,2011/08/20,DEL,84846A,2.1,2
7.770444622510032e+153,2011/08/20,DEL,22873,1.95,1
7.770444622510032e+153,2011/08/20,DEL,21613,2.95,2
7.770444622510032e+153,2011/08/20,DEL,22358,2.95,1
7.770444622510032e+153,2011/08/20,DEL,22872,1.95,1
7.770444622510032e+153,2011/08/20,DEL,22876,1.95,1
7.770444622510032e+153,2011/08/20,DEL,22721,4.95,1
7.770444622510032e+153,2011/08/20,DEL,22101,2.1,6
7.770444622510032e+153,2011/08/20,DEL,21363,4.95,1
7.770444622510032e+153,2011/08/20,DEL,84813,12.75,1
7.770444622510032e+153,2011/08/20,DEL,85169A,1.25,12
7.770444622510032e+153,2011/08/20,DEL,21000,4.25,4
7.770444622510032e+153,2011/08/20,DEL,22494,1.25,3
7.770444622510032e+153,2011/08/20,DEL,22050,0.42,25
5.840928439898347e+151,2011/08/20,DEL,21219,1.25,10
8.89660349745076e+153,2011/08/20,DEL,85035C,4.25,2
8.89660349745076e+153,2011/08/20,DEL,85036A,4.25,1
8.3317027358902e+153,2011/08/20,DEL,22856,1.25,6
8.3317027358902e+153,2011/08/20,DEL,23041,4.15,2
8.3317027358902e+153,2011/08/20,DEL,23040,5.75,2
8.3317027358902e+153,2011/08/20,DEL,21784,9.95,2
4.2669301503191144e+153,2011/08/20,DEL,23269,1.45,12
4.2669301503191144e+153,2011/08/20,DEL,21695,2.95,6
4.2669301503191144e+153,2011/08/20,DEL,22065,1.45,12
5.188123461397814e+153,2011/08/20,DEL,21175,2.55,12
5.188123461397814e+153,2011/08/20,DEL,23065,12.5,1
1.1281635576886575e+154,2011/08/20,DEL,84795B,7.95,10
1.1281635576886575e+154,2011/08/20,DEL,84665,5.95,4
1.2964586912070946e+154,2011/08/20,DEL,22780,4.25,4
1.2964586912070946e+154,2011/08/20,DEL,15044C,2.95,6
1.169543373976136e+152,2011/08/20,DEL,85231G,0.85,12
1.169543373976136e+152,2011/08/20,DEL,72801G,1.25,12
1.1065062950248094e+154,2011/08/20,DEL,22279,1.25,12
4.740101414705644e+153,2011/08/20,DEL,48116,6.75,1
4.740101414705644e+153,2011/08/20,DEL,22605,12.75,8
1.0775778294639072e+154,2011/08/20,DEL,21812,4.95,6
9.081588995763287e+153,2011/08/20,DEL,37370,1.25,6
1.1544906297833455e+154,2011/08/20,DEL,21039,2.55,6
4.5912996317299955e+153,2011/08/20,DEL,85230F,0.29,24
4.5912996317299955e+153,2011/08/20,DEL,22691,7.95,1
4.5912996317299955e+153,2011/08/20,DEL,46000R,1.45,8
1.0263534484374e+154,2011/08/20,DEL,21287,0.38,72
1.206799589895397e+153,2011/08/20,DEL,84849A,1.69,1
1.206799589895397e+153,2011/08/20,DEL,23140,4.15,4
1.8025982839762096e+153,2011/08/20,DEL,17038,0.1,30
1.8025982839762096e+153,2011/08/20,DEL,84206A,0.19,6
1.8025982839762096e+153,2011/08/20,DEL,84201B,0.19,12
1.8025982839762096e+153,2011/08/20,DEL,22532,0.42,5
1.8025982839762096e+153,2011/08/20,DEL,22530,0.42,5
1.8025982839762096e+153,2011/08/20,DEL,10120,0.21,30
1.8025982839762096e+153,2011/08/20,DEL,79030D,0.39,6
1.8025982839762096e+153,2011/08/20,DEL,85094,0.19,36
1.8025982839762096e+153,2011/08/20,DEL,84849D,1.69,1
1.8025982839762096e+153,2011/08/20,DEL,84660B,0.79,2
1.8025982839762096e+153,2011/08/20,DEL,84660C,0.79,2
1.8025982839762096e+153,2011/08/20,DEL,84660A,0.79,2
1.8025982839762096e+153,2011/08/20,DEL,23120,0.42,2
1.8025982839762096e+153,2011/08/20,DEL,22066,0.39,4
7.793128415948887e+153,2011/08/20,DEL,22839,14.95,1
7.793128415948887e+153,2011/08/20,DEL,22838,14.95,1
7.793128415948887e+153,2011/08/20,DEL,22853,3.25,6
7.793128415948887e+153,2011/08/20,DEL,21833,1.69,12
7.793128415948887e+153,2011/08/20,DEL,23045,4.15,4
1.1164319687296689e+154,2011/08/20,DEL,90176D,7.5,2
1.1164319687296689e+154,2011/08/20,DEL,90176C,7.5,2
1.1164319687296689e+154,2011/08/20,DEL,90176E,7.5,2
1.1164319687296689e+154,2011/08/20,DEL,90082B,6.35,3
1.1164319687296689e+154,2011/08/20,DEL,90082A,6.35,3
1.1164319687296689e+154,2011/08/20,DEL,35443,0.85,1
1.1164319687296689e+154,2011/08/20,DEL,23141,4.15,4
1.1164319687296689e+154,2011/08/20,DEL,22912,4.95,3
1.1164319687296689e+154,2011/08/20,DEL,85025C,1.65,4
1.1164319687296689e+154,2011/08/20,DEL,22124,2.95,3
1.1164319687296689e+154,2011/08/20,DEL,22166,7.95,2
1.1164319687296689e+154,2011/08/20,DEL,84429A,2.95,4
1.1164319687296689e+154,2011/08/20,DEL,35001G,4.25,2
5.113312807007157e+153,2011/08/20,DEL,22948,0.85,24
1.2621021703733195e+154,2011/08/20,DEL,21617,3.75,3
1.2621021703733195e+154,2011/08/20,DEL,22483,2.95,2
3.397989572042573e+153,2011/08/20,DEL,21628,14.95,6
3.397989572042573e+153,2011/08/20,DEL,21627,14.95,6
1.1506676532718915e+154,2011/08/20,DEL,22688,7.95,2
1.1506676532718915e+154,2011/08/20,DEL,22818,0.42,12
1.1506676532718915e+154,2011/08/20,DEL,22816,0.42,12
1.1506676532718915e+154,2011/08/20,DEL,22044,0.42,12
1.1506676532718915e+154,2011/08/20,DEL,22043,0.42,12
1.1506676532718915e+154,2011/08/20,DEL,22119,6.95,3
1.1506676532718915e+154,2011/08/20,DEL,10080,0.39,12
1.1506676532718915e+154,2011/08/20,DEL,21030,1.25,10
1.1506676532718915e+154,2011/08/20,DEL,21026,1.25,10
1.1506676532718915e+154,2011/08/20,DEL,23358,3.75,6
1.1506676532718915e+154,2011/08/20,DEL,85230G,0.29,24
1.1506676532718915e+154,2011/08/20,DEL,37495,3.75,4
1.1506676532718915e+154,2011/08/20,DEL,21619,3.75,6
1.1506676532718915e+154,2011/08/20,DEL,21615,3.75,6
1.1506676532718915e+154,2011/08/20,DEL,22039,0.42,25
1.1116692796873214e+154,2011/08/20,DEL,22023,0.42,12
1.1116692796873214e+154,2011/08/20,DEL,85177,0.85,12
1.1784632966228129e+154,2011/08/20,DEL,22928,5.95,1
8.547000106158956e+153,2011/08/20,DEL,20675,1.25,12
9.752216471435846e+153,2011/08/20,DEL,20796,1.65,12
2.3230650652846084e+153,2011/08/20,DEL,46000M,1.55,5
7.103247918837606e+153,2011/08/20,DEL,20652,1.25,12
7.4685337108086e+153,2011/08/20,DEL,90003C,3.75,4
7.4685337108086e+153,2011/08/20,DEL,90003E,3.75,4
7.4685337108086e+153,2011/08/20,DEL,90205A,1.65,4
7.4685337108086e+153,2011/08/20,DEL,21633,12.75,1
5.691523158293152e+153,2011/08/20,DEL,21313,0.85,24
5.691523158293152e+153,2011/08/20,DEL,21314,2.1,16
2.4294658243815548e+153,2011/08/20,DEL,20847,3.75,4
2.4294658243815548e+153,2011/08/20,DEL,23017,12.5,2
2.4294658243815548e+153,2011/08/20,DEL,21744,2.95,12
2.4294658243815548e+153,2011/08/20,DEL,22770,14.95,2
2.4294658243815548e+153,2011/08/20,DEL,23067,4.15,2
2.4294658243815548e+153,2011/08/20,DEL,22829,9.95,2
1.3024977679151532e+154,2011/08/20,DEL,22440,0.42,40
1.1674584708157366e+154,2011/08/20,DEL,23339,2.08,2
1.1674584708157366e+154,2011/08/20,DEL,23336,2.08,2
1.0544845554508046e+154,2011/08/20,DEL,20836,0.83,12
1.0544845554508046e+154,2011/08/20,DEL,20839,0.85,12
1.0544845554508046e+154,2011/08/20,DEL,20840,0.85,12
1.0544845554508046e+154,2011/08/20,DEL,44228,0.85,12
4.9350055190305274e+153,2011/08/20,DEL,82583,2.1,6
4.9350055190305274e+153,2011/08/20,DEL,90209A,1.75,36
6.5395048279383675e+153,2011/08/20,DEL,22706,0.42,25
6.5395048279383675e+153,2011/08/20,DEL,84006,0.85,12
7.63123666176765e+153,2011/08/20,DEL,21386,0.19,24
7.63123666176765e+153,2011/08/20,DEL,22269,0.39,16
7.63123666176765e+153,2011/08/20,DEL,82616B,1.25,12
7.63123666176765e+153,2011/08/20,DEL,84926F,0.29,24
7.63123666176765e+153,2011/08/20,DEL,84926D,0.29,24
7.63123666176765e+153,2011/08/20,DEL,85194S,0.19,48
7.63123666176765e+153,2011/08/20,DEL,22025,0.42,12
7.63123666176765e+153,2011/08/20,DEL,17084N,0.21,25
7.63123666176765e+153,2011/08/20,DEL,20846,1.25,12
4.616410296979007e+153,2011/08/20,DEL,21934,1.65,10
4.616410296979007e+153,2011/08/20,DEL,22903,2.95,6
6.227669642650968e+153,2011/08/20,DEL,35648,0.83,24
4.068660466723714e+153,2011/08/20,DEL,21973,1.45,12
4.068660466723714e+153,2011/08/20,DEL,22930,2.55,6
1.1973803584981988e+154,2011/08/20,DEL,23071,12.5,1
1.1973803584981988e+154,2011/08/20,DEL,85107,2.55,4
1.1973803584981988e+154,2011/08/20,DEL,72799E,2.95,12
1.1973803584981988e+154,2011/08/20,DEL,72799F,2.95,12
7.473051704894755e+153,2011/08/20,DEL,72817,1.25,12
7.473051704894755e+153,2011/08/20,DEL,22121,5.95,3
7.473051704894755e+153,2011/08/20,DEL,21813,4.95,6
7.975452461097765e+153,2011/08/20,DEL,22156,0.85,3
7.975452461097765e+153,2011/08/20,DEL,23226,1.25,2
7.975452461097765e+153,2011/08/20,DEL,85199S,0.42,5
3.167179757714664e+153,2011/08/20,DEL,22100,0.39,36
4.178395865791813e+153,2011/08/20,DEL,21286,2.55,12
4.178395865791813e+153,2011/08/20,DEL,22072,3.75,8
4.178395865791813e+153,2011/08/20,DEL,21375,5.45,2
4.178395865791813e+153,2011/08/20,DEL,21377,1.65,6
4.249197094325211e+153,2011/08/20,DEL,15060B,3.75,8
9.36227331544427e+153,2011/08/20,DEL,22315,1.25,12
9.36227331544427e+153,2011/08/20,DEL,22263,0.85,12
8.068214786463873e+153,2011/08/20,DEL,22285,1.65,12
9.130268812399083e+153,2011/08/20,DEL,22289,1.25,6
9.130268812399083e+153,2011/08/20,DEL,22288,1.25,6
9.130268812399083e+153,2011/08/20,DEL,22287,0.39,10
1.4637657995949762e+153,2011/08/20,DEL,21381,1.69,1
1.4637657995949762e+153,2011/08/20,DEL,21823,1.45,1
1.4637657995949762e+153,2011/08/20,DEL,22982,1.25,1
1.4637657995949762e+153,2011/08/20,DEL,84875B,1.25,1
1.4637657995949762e+153,2011/08/20,DEL,22341,1.65,1
1.4637657995949762e+153,2011/08/20,DEL,22342,0.75,1
1.4637657995949762e+153,2011/08/20,DEL,85130D,0.79,24
1.0459302185804127e+154,2011/08/20,DEL,22498,5.95,3
7.750006234104725e+153,2011/08/20,DEL,22174,1.65,24
1.3344614674549886e+154,2011/08/20,DEL,21439,1.25,5
1.3344614674549886e+154,2011/08/20,DEL,22255,0.85,5
1.1080296198254312e+154,2011/08/20,DEL,21455,0.85,1
1.1080296198254312e+154,2011/08/20,DEL,22584,2.55,1
1.1080296198254312e+154,2011/08/20,DEL,22582,2.55,2
1.1080296198254312e+154,2011/08/20,DEL,22583,2.55,2
4.927101506554992e+153,2011/08/20,DEL,21042,5.95,3
4.927101506554992e+153,2011/08/20,DEL,22309,2.55,6
2.7152610518483317e+153,2011/08/20,DEL,23086,1.04,288
5.913001248041085e+153,2011/08/20,DEL,22059,1.49,12
9.308880778482389e+152,2011/08/20,DEL,22067,1.65,12
8.217625608544803e+153,2011/08/20,DEL,16046,0.85,25
8.217625608544803e+153,2011/08/20,DEL,23010,16.95,1
4.992742586334914e+153,2011/08/20,DEL,22977,1.25,12
4.992742586334914e+153,2011/08/20,DEL,22539,0.42,24
1.1014674348901371e+154,2011/08/20,DEL,23051,8.25,2
1.1014674348901371e+154,2011/08/20,DEL,23049,8.25,2
1.1014674348901371e+154,2011/08/20,DEL,84078A,34.95,4
1.1014674348901371e+154,2011/08/20,DEL,22509,16.95,1
1.0089561737358422e+154,2011/08/20,DEL,20752,2.1,12
1.0089561737358422e+154,2011/08/20,DEL,21280,2.55,12
1.0089561737358422e+154,2011/08/20,DEL,M,2.1,1
1.0089561737358422e+154,2011/08/20,DEL,22628,4.95,1
8.024044685704158e+153,2011/08/20,DEL,21084,0.19,24
8.024044685704158e+153,2011/08/20,DEL,22891,4.25,6
1.0487612334909211e+154,2011/08/20,DEL,22366,7.95,2
1.2848388174677356e+154,2011/08/20,DEL,21408,4.25,3
1.2848388174677356e+154,2011/08/20,DEL,22340,1.65,12
8.200303366034431e+153,2011/08/20,DEL,85130C,0.79,24
9.028554777747244e+152,2011/08/20,DEL,20831,1.69,48
9.048589430067601e+153,2011/08/20,DEL,22672,1.65,2
9.048589430067601e+153,2011/08/20,DEL,22360,2.95,1
9.048589430067601e+153,2011/08/20,DEL,90200B,4.25,2
9.048589430067601e+153,2011/08/20,DEL,90200D,4.25,2
9.048589430067601e+153,2011/08/20,DEL,90200A,4.25,2
9.048589430067601e+153,2011/08/20,DEL,90200E,4.25,2
1.2796133348292662e+153,2011/08/20,DEL,62018,1.95,46
4.258158109456474e+153,2011/08/20,DEL,22331,1.65,8
1.1634941260816202e+154,2011/08/20,DEL,79302M,2.95,1
8.494792881343926e+153,2011/08/20,DEL,22216,0.85,4
8.494792881343926e+153,2011/08/20,DEL,22511,3.75,2
8.494792881343926e+153,2011/08/20,DEL,21626,1.95,1
8.494792881343926e+153,2011/08/20,DEL,84459A,1.49,4
8.494792881343926e+153,2011/08/20,DEL,22217,1.25,4
8.494792881343926e+153,2011/08/20,DEL,22478,1.25,2
8.494792881343926e+153,2011/08/20,DEL,22477,1.25,2
8.494792881343926e+153,2011/08/20,DEL,22700,2.95,1
8.494792881343926e+153,2011/08/20,DEL,22701,2.95,2
8.494792881343926e+153,2011/08/20,DEL,22852,4.25,1
8.494792881343926e+153,2011/08/20,DEL,22941,8.5,1
3.211427143285117e+153,2011/08/20,DEL,16259,0.08,108
3.211427143285117e+153,2011/08/20,DEL,84859C,1.95,12
8.722741928772233e+152,2011/08/20,DEL,79144B,0.42,1
8.722741928772233e+152,2011/08/20,DEL,23185,0.29,6
8.722741928772233e+152,2011/08/20,DEL,21884,0.65,3
8.722741928772233e+152,2011/08/20,DEL,22953,1.25,4
8.722741928772233e+152,2011/08/20,DEL,20869,0.39,3
8.722741928772233e+152,2011/08/20,DEL,20868,0.39,3
8.722741928772233e+152,2011/08/20,DEL,21327,1.65,2
8.722741928772233e+152,2011/08/20,DEL,22132,0.85,4
8.722741928772233e+152,2011/08/20,DEL,23157,2.08,2
8.147294967238373e+153,2011/08/20,DEL,20658,1.25,3
8.147294967238373e+153,2011/08/20,DEL,21368,0.75,1
8.147294967238373e+153,2011/08/20,DEL,21367,0.75,1
8.147294967238373e+153,2011/08/20,DEL,22376,4.25,1
8.147294967238373e+153,2011/08/20,DEL,22374,4.25,2
8.147294967238373e+153,2011/08/20,DEL,22646,1.45,4
5.627536749949915e+153,2011/08/20,DEL,21382,0.75,24
5.627536749949915e+153,2011/08/20,DEL,85071A,0.39,24
5.627536749949915e+153,2011/08/20,DEL,85071D,0.39,24
8.744530248049854e+153,2011/08/20,DEL,21222,1.25,10
3.787475454169539e+153,2011/08/20,DEL,22827,165.0,1
6.053876772357136e+152,2011/08/20,DEL,21473,19.95,1
6.053876772357136e+152,2011/08/20,DEL,85163A,12.75,1
6.053876772357136e+152,2011/08/20,DEL,21622,4.95,2
4.933265040654394e+153,2011/08/20,DEL,22711,0.42,25
4.97184580602814e+153,2011/08/20,DEL,72802B,4.25,6
3.439452615114467e+153,2011/08/20,DEL,22449,3.35,6
3.439452615114467e+153,2011/08/20,DEL,22817,0.42,12
3.439452615114467e+153,2011/08/20,DEL,84674,2.95,6
3.439452615114467e+153,2011/08/20,DEL,21207,1.65,12
3.439452615114467e+153,2011/08/20,DEL,21205,2.55,6
3.439452615114467e+153,2011/08/20,DEL,21204,1.65,12
4.6325013980483885e+153,2011/08/20,DEL,22107,3.75,4
4.6325013980483885e+153,2011/08/20,DEL,21832,1.65,12
5.193291237090003e+152,2011/08/20,DEL,72807C,4.25,4
5.193291237090003e+152,2011/08/20,DEL,85170D,2.1,6
5.193291237090003e+152,2011/08/20,DEL,85170C,2.1,6
5.193291237090003e+152,2011/08/20,DEL,20934,5.45,2
1.18937611759425e+154,2011/08/20,DEL,16169M,0.42,25
1.18937611759425e+154,2011/08/20,DEL,90001B,4.25,2
1.18937611759425e+154,2011/08/20,DEL,90001D,4.25,2
1.18937611759425e+154,2011/08/20,DEL,90018C,4.25,2
1.18937611759425e+154,2011/08/20,DEL,90145,5.95,2
1.18937611759425e+154,2011/08/20,DEL,90019A,4.95,2
1.18937611759425e+154,2011/08/20,DEL,90120B,4.25,4
1.18937611759425e+154,2011/08/20,DEL,90164A,7.5,2
1.18937611759425e+154,2011/08/20,DEL,90024B,8.5,2
1.18937611759425e+154,2011/08/20,DEL,90036E,7.95,3
1.18937611759425e+154,2011/08/20,DEL,22222,4.95,3
1.18937611759425e+154,2011/08/20,DEL,23545,0.42,50
1.18937611759425e+154,2011/08/20,DEL,22214,2.55,6
4.815919492906554e+153,2011/08/20,DEL,85038,2.1,6
4.815919492906554e+153,2011/08/20,DEL,72780,0.85,12
4.815919492906554e+153,2011/08/20,DEL,71053,3.39,24
3.808947062693601e+153,2011/08/20,DEL,16218,0.06,80
7.896975500503404e+153,2011/08/20,DEL,84926A,0.29,24
1.1622017621752353e+154,2011/08/20,DEL,23164,4.95,4
1.2268574268436488e+154,2011/08/20,DEL,21215,0.55,24
1.2268574268436488e+154,2011/08/20,DEL,47422,0.42,3
5.6294827088606896e+153,2011/08/20,DEL,22081,1.65,10
5.24069214782452e+153,2011/08/20,DEL,22464,1.65,12
1.0219205662995615e+154,2011/08/20,DEL,21248,1.45,12
1.0219205662995615e+154,2011/08/20,DEL,22513,3.75,4
3.24714553099623e+153,2011/08/20,DEL,90030B,1.0,6
1.2348897725465378e+154,2011/08/20,DEL,21291,0.85,16
1.2348897725465378e+154,2011/08/20,DEL,21289,1.25,16
1.2348897725465378e+154,2011/08/20,DEL,21288,2.95,6
1.2348897725465378e+154,2011/08/20,DEL,21292,0.85,16
1.2348897725465378e+154,2011/08/20,DEL,21058,0.85,12
1.2348897725465378e+154,2011/08/20,DEL,21060,0.85,12
1.2348897725465378e+154,2011/08/20,DEL,21062,0.85,12
1.2348897725465378e+154,2011/08/20,DEL,21061,0.85,12
1.2348897725465378e+154,2011/08/20,DEL,22332,1.65,8
4.939813446301728e+153,2011/08/20,DEL,85059,3.75,2
1.0364837966647917e+154,2011/08/20,DEL,22475,4.95,1
1.0364837966647917e+154,2011/08/20,DEL,21448,1.65,2
1.0364837966647917e+154,2011/08/20,DEL,21242,1.69,4
1.0459302185804127e+154,2011/08/20,DEL,21534,4.95,3
1.0459302185804127e+154,2011/08/20,DEL,22201,4.25,4
1.0459302185804127e+154,2011/08/20,DEL,22204,3.75,4
3.446973889048634e+153,2011/08/20,DEL,84508A,2.55,6
9.532177034553833e+153,2011/08/20,DEL,84510C,1.25,10
6.309975548676569e+152,2011/08/20,DEL,84212,0.65,24
6.309975548676569e+152,2011/08/20,DEL,22545,0.42,24
6.309975548676569e+152,2011/08/20,DEL,22905,2.95,12
1.2786552052466845e+154,2011/08/20,DEL,22799,8.5,8
1.2458146550926878e+154,2011/08/20,DEL,21715,2.55,3
1.2458146550926878e+154,2011/08/20,DEL,21789,0.85,3
1.2458146550926878e+154,2011/08/20,DEL,21788,0.85,3
1.2458146550926878e+154,2011/08/20,DEL,85160B,0.39,6
1.2458146550926878e+154,2011/08/20,DEL,47586A,2.55,4
1.2458146550926878e+154,2011/08/20,DEL,21469,3.75,1
5.188265524203052e+153,2011/08/20,DEL,37489D,0.39,2
5.188265524203052e+153,2011/08/20,DEL,37489A,0.39,2
6.4708326682520306e+153,2011/08/20,DEL,22635,9.95,2
6.845812404983216e+153,2011/08/20,DEL,90211A,5.95,2
6.438659580576954e+153,2011/08/20,DEL,22312,2.95,6
6.438659580576954e+153,2011/08/20,DEL,22465,1.65,12
1.1437096272088663e+154,2011/08/20,DEL,21927,1.25,5
3.696850183931956e+153,2011/08/20,DEL,22713,0.42,12
3.696850183931956e+153,2011/08/20,DEL,22644,1.45,8
3.696850183931956e+153,2011/08/20,DEL,22109,3.75,1
1.3277617586620021e+154,2011/08/20,DEL,22414,7.95,2
1.2535667292113859e+154,2011/08/20,DEL,22208,0.83,12
1.2535667292113859e+154,2011/08/20,DEL,37327,0.39,48
2.996035582550976e+153,2011/08/20,DEL,21844,2.55,12
5.574346452069609e+153,2011/08/20,DEL,23216,1.25,12
5.574346452069609e+153,2011/08/20,DEL,23224,0.83,12
5.574346452069609e+153,2011/08/20,DEL,23222,0.83,12
9.503122385514164e+153,2011/08/20,DEL,21192,1.45,288
4.147243061603246e+153,2011/08/20,DEL,20795,2.1,6
4.147243061603246e+153,2011/08/20,DEL,22574,0.85,12
4.147243061603246e+153,2011/08/20,DEL,22593,0.85,12
4.147243061603246e+153,2011/08/20,DEL,22594,0.85,12
4.147243061603246e+153,2011/08/20,DEL,22572,0.85,12
4.147243061603246e+153,2011/08/20,DEL,20956,1.25,12
9.618924224513354e+153,2011/08/20,DEL,22714,0.42,12
8.071178893001917e+153,2011/08/20,DEL,82567,2.1,6
2.3696574681598585e+153,2011/08/20,DEL,21917,0.42,24
9.511207170048896e+152,2011/08/20,DEL,21264,1.95,12
1.9631515740442147e+153,2011/08/20,DEL,20963,1.25,10
1.9631515740442147e+153,2011/08/20,DEL,21739,2.95,6
1.9631515740442147e+153,2011/08/20,DEL,21125,1.25,12
3.821944129964116e+153,2011/08/20,DEL,84032B,2.95,2
1.3051390811953148e+154,2011/08/20,DEL,84536B,0.42,16
4.4308410296705885e+153,2011/08/20,DEL,16236,0.21,28
4.4308410296705885e+153,2011/08/20,DEL,22531,0.42,24
4.4308410296705885e+153,2011/08/20,DEL,22540,0.42,24
4.4308410296705885e+153,2011/08/20,DEL,21224,1.25,10
4.4308410296705885e+153,2011/08/20,DEL,22615,0.29,24
1.3072507331576174e+154,2011/08/20,DEL,47599B,2.1,6
7.153634650426642e+153,2011/08/20,DEL,20707,1.25,12
7.153634650426642e+153,2011/08/20,DEL,10135,1.25,10
1.031363503189703e+154,2011/08/20,DEL,21201,2.1,48
4.38857783182128e+153,2011/08/20,DEL,22820,0.65,12
4.38857783182128e+153,2011/08/20,DEL,22707,0.42,25
9.874428128161336e+153,2011/08/20,DEL,21578,2.25,6
9.874428128161336e+153,2011/08/20,DEL,84931B,2.55,6
4.501256740424703e+153,2011/08/20,DEL,21719,0.85,12
4.501256740424703e+153,2011/08/20,DEL,21196,1.65,12
4.501256740424703e+153,2011/08/20,DEL,21197,1.65,12
4.501256740424703e+153,2011/08/20,DEL,21198,1.65,12
4.501256740424703e+153,2011/08/20,DEL,21199,1.65,12
4.501256740424703e+153,2011/08/20,DEL,23251,1.25,12
4.501256740424703e+153,2011/08/20,DEL,23250,1.25,12
4.501256740424703e+153,2011/08/20,DEL,22046,0.42,25
7.598410548742032e+153,2011/08/20,DEL,84201C,0.19,5
7.598410548742032e+153,2011/08/20,DEL,22797,16.95,1
7.06775844412906e+153,2011/08/20,DEL,84875D,1.25,12
4.085898944539187e+153,2011/08/20,DEL,17136A,0.08,6
4.085898944539187e+153,2011/08/20,DEL,21820,3.75,1
4.615330869557495e+153,2011/08/20,DEL,20765,3.75,1
4.615330869557495e+153,2011/08/20,DEL,20758,0.85,3
4.615330869557495e+153,2011/08/20,DEL,79000,0.85,24
4.615330869557495e+153,2011/08/20,DEL,17012C,0.85,1
6.413079455295276e+153,2011/08/20,DEL,23099,6.65,1
6.413079455295276e+153,2011/08/20,DEL,84806B,1.45,3
6.413079455295276e+153,2011/08/20,DEL,84800M,1.69,2
8.651766221069275e+153,2011/08/20,DEL,79191C,0.85,1
8.651766221069275e+153,2011/08/20,DEL,22581,0.85,1
8.651766221069275e+153,2011/08/20,DEL,22224,2.95,1
8.651766221069275e+153,2011/08/20,DEL,22472,4.95,1
4.789002761061909e+153,2011/08/20,DEL,22567,1.45,10
4.789002761061909e+153,2011/08/20,DEL,22987,0.42,25
9.527422393894101e+153,2011/08/20,DEL,22639,2.55,4
1.3003372341405396e+154,2011/08/20,DEL,21251,2.95,6
1.3003372341405396e+154,2011/08/20,DEL,20686,3.25,2
1.3003372341405396e+154,2011/08/20,DEL,84826,0.85,60
1.3003372341405396e+154,2011/08/20,DEL,72802A,4.25,3
1.3003372341405396e+154,2011/08/20,DEL,72132,1.95,2
1.3003372341405396e+154,2011/08/20,DEL,72134,0.85,2
1.3003372341405396e+154,2011/08/20,DEL,22611,4.95,1
1.3003372341405396e+154,2011/08/20,DEL,85116,0.65,5
1.3003372341405396e+154,2011/08/20,DEL,17107D,2.55,4
1.3003372341405396e+154,2011/08/20,DEL,22075,1.65,1
1.3003372341405396e+154,2011/08/20,DEL,21059,0.85,8
1.3003372341405396e+154,2011/08/20,DEL,22283,7.95,1
1.3003372341405396e+154,2011/08/20,DEL,21356,1.25,6
1.3003372341405396e+154,2011/08/20,DEL,21358,1.25,6
1.3003372341405396e+154,2011/08/20,DEL,84596G,0.42,8
1.3003372341405396e+154,2011/08/20,DEL,22931,2.55,3
1.3003372341405396e+154,2011/08/20,DEL,22282,12.75,1
1.3003372341405396e+154,2011/08/20,DEL,47567B,5.95,5
1.3003372341405396e+154,2011/08/20,DEL,22416,1.45,3
1.3003372341405396e+154,2011/08/20,DEL,21211,1.45,3
1.3003372341405396e+154,2011/08/20,DEL,21972,1.45,5
6.5446159407662654e+153,2011/08/20,DEL,22243,1.65,1
6.5446159407662654e+153,2011/08/20,DEL,21581,2.25,1
6.5446159407662654e+153,2011/08/20,DEL,21391,0.75,3
6.5446159407662654e+153,2011/08/20,DEL,22998,0.42,3
6.5446159407662654e+153,2011/08/20,DEL,22994,0.42,2
6.5446159407662654e+153,2011/08/20,DEL,21873,1.25,1
3.5855874232474e+153,2011/08/20,DEL,22884,1.95,2
3.5855874232474e+153,2011/08/20,DEL,22887,1.95,2
3.5855874232474e+153,2011/08/20,DEL,22879,1.95,2
3.5855874232474e+153,2011/08/20,DEL,22883,1.95,2
3.5855874232474e+153,2011/08/20,DEL,22882,1.95,2
3.5855874232474e+153,2011/08/20,DEL,22881,1.95,2
3.5855874232474e+153,2011/08/20,DEL,22885,1.95,2
3.5855874232474e+153,2011/08/20,DEL,22888,1.95,2
3.5855874232474e+153,2011/08/20,DEL,22886,1.95,2
3.5855874232474e+153,2011/08/20,DEL,85135B,7.95,1
2.5001096275045406e+153,2011/08/20,DEL,22407,1.25,6
2.5001096275045406e+153,2011/08/20,DEL,22480,1.25,1
6.13112524840707e+153,2011/08/20,DEL,84968D,12.75,1
3.49794494226634e+153,2011/08/20,DEL,23082,3.75,6
3.4504281601805664e+153,2011/08/20,DEL,23127,4.95,16
1.1995268412241288e+154,2011/08/20,DEL,22685,1.25,10
5.3440591126719285e+153,2011/08/20,DEL,47563A,1.25,24
1.2119744035329049e+154,2011/08/20,DEL,23109,2.89,6
1.2119744035329049e+154,2011/08/20,DEL,23129,4.15,4
5.657363590897093e+153,2011/08/20,DEL,21749,2.1,1
5.657363590897093e+153,2011/08/20,DEL,35265,1.95,1
9.518889135421974e+153,2011/08/20,DEL,72800B,2.55,1
9.518889135421974e+153,2011/08/20,DEL,84509B,3.75,1
9.518889135421974e+153,2011/08/20,DEL,84931A,2.55,1
9.518889135421974e+153,2011/08/20,DEL,21741,2.95,1
9.518889135421974e+153,2011/08/20,DEL,20705,6.95,1
9.518889135421974e+153,2011/08/20,DEL,21841,4.25,1
9.518889135421974e+153,2011/08/20,DEL,84828,1.25,1
9.518889135421974e+153,2011/08/20,DEL,20761,3.75,1
9.518889135421974e+153,2011/08/20,DEL,23009,16.95,1
9.518889135421974e+153,2011/08/20,DEL,21618,3.75,1
9.518889135421974e+153,2011/08/20,DEL,23052,8.25,1
9.518889135421974e+153,2011/08/20,DEL,23050,8.25,1
5.207083283980878e+153,2011/08/20,DEL,85035A,4.25,3
5.207083283980878e+153,2011/08/20,DEL,22913,4.95,3
6.832729375037966e+153,2011/08/20,DEL,22805,1.25,24
6.0109772992602954e+153,2011/08/20,DEL,85178,1.25,10
6.0109772992602954e+153,2011/08/20,DEL,35819B,0.38,10
6.0109772992602954e+153,2011/08/20,DEL,35607B,0.19,10
6.0109772992602954e+153,2011/08/20,DEL,23215,2.08,2
1.2459900043202067e+154,2011/08/20,DEL,82581,0.55,25
1.2459900043202067e+154,2011/08/20,DEL,17021,0.3,18
1.2459900043202067e+154,2011/08/20,DEL,84876D,1.25,12
1.2459900043202067e+154,2011/08/20,DEL,84877D,1.25,4
1.193071950777777e+154,2011/08/20,DEL,35923,0.39,12
4.047700448590357e+153,2011/08/20,DEL,21948,1.25,12
4.047700448590357e+153,2011/08/20,DEL,22949,1.45,12
9.94688466031997e+153,2011/08/20,DEL,35598B,2.95,18
9.94688466031997e+153,2011/08/20,DEL,35599B,7.25,12
9.94688466031997e+153,2011/08/20,DEL,21494,1.25,24
9.94688466031997e+153,2011/08/20,DEL,23107,2.89,8
9.94688466031997e+153,2011/08/20,DEL,22325,4.95,3
9.94688466031997e+153,2011/08/20,DEL,15044A,2.95,6
9.94688466031997e+153,2011/08/20,DEL,22199,4.25,8
9.94688466031997e+153,2011/08/20,DEL,22207,4.25,4
9.94688466031997e+153,2011/08/20,DEL,22200,4.25,4
9.94688466031997e+153,2011/08/20,DEL,22896,2.55,12
9.94688466031997e+153,2011/08/20,DEL,21467,3.75,18
9.94688466031997e+153,2011/08/20,DEL,84968E,10.95,24
9.94688466031997e+153,2011/08/20,DEL,22894,9.95,10
9.94688466031997e+153,2011/08/20,DEL,20767,2.1,36
9.94688466031997e+153,2011/08/20,DEL,20772,2.55,12
6.355565817431434e+153,2011/08/20,DEL,23432,0.83,12
6.355565817431434e+153,2011/08/20,DEL,85159A,1.95,12
6.355565817431434e+153,2011/08/20,DEL,85159B,1.95,12
6.355565817431434e+153,2011/08/20,DEL,84820,5.95,2
8.00751948236997e+153,2011/08/20,DEL,23087,1.25,16
6.832949926114699e+153,2011/08/20,DEL,23104,12.5,1
1.229498430488941e+154,2011/08/20,DEL,72351A,2.1,12
1.229498430488941e+154,2011/08/20,DEL,85045,4.25,24
1.229498430488941e+154,2011/08/20,DEL,22812,1.65,96
3.7128879938165966e+153,2011/08/20,DEL,46118,0.85,12
3.7128879938165966e+153,2011/08/20,DEL,47481,0.85,12
9.633459932401076e+152,2011/08/20,DEL,85111,0.29,36
2.9104826687600932e+153,2011/08/20,DEL,23006,0.42,4
1.0684069143407746e+154,2011/08/20,DEL,22157,0.85,6
7.512115819173718e+153,2011/08/20,DEL,22421,0.42,4
7.512115819173718e+153,2011/08/20,DEL,22420,0.42,4
7.512115819173718e+153,2011/08/20,DEL,22267,0.39,1
7.512115819173718e+153,2011/08/20,DEL,22136,1.65,2
6.994682931749604e+153,2011/08/20,DEL,22586,0.85,12
6.994682931749604e+153,2011/08/20,DEL,22453,2.95,12
6.994682931749604e+153,2011/08/20,DEL,85227,0.85,12
6.5395048279383675e+153,2011/08/20,DEL,22813,1.95,12
6.5395048279383675e+153,2011/08/20,DEL,20997,4.95,3
1.890155353134145e+153,2011/08/20,DEL,23175,3.25,1
1.890155353134145e+153,2011/08/20,DEL,21774,1.25,6
1.4637657995949762e+153,2011/08/20,DEL,22211,0.83,1
8.402370357520892e+153,2011/08/20,DEL,21821,3.75,1
8.402370357520892e+153,2011/08/20,DEL,23057,4.95,3
1.6856823337085745e+153,2011/08/20,DEL,22823,110.0,2
1.6856823337085745e+153,2011/08/20,DEL,22061,9.95,2
